Index,Sort order,GeneID,avg mIFOR,avg mICRA,log2(avg),log2(FC),abs(log2FC),pvalue,padj,significant,Num_over_min_min nCount,Num_over_min_log2(FC),DIFF_EXP
14236,963,TCF21,116,2,5.9,-5.6,5.6,0.00,0.00,yes,1,1,1
8965,870,LOC115949042,0,93,5.5,8.7,8.7,0.00,0.00,yes,1,1,1
12804,785,S100B,24,0,3.6,-7.1,7.1,0.00,0.02,yes,1,1,1
9310,779,LOC115949447,54,0,4.8,-7.8,7.8,0.00,0.00,yes,1,1,1
7507,753,LOC102044608,0,30,3.9,7.5,7.5,0.00,0.00,yes,1,1,1
532,734,ANXA10,391,2,7.6,-7.3,7.3,0.00,0.00,yes,1,1,1
3454,731,FAM222A,2,90,5.5,5.6,5.6,0.00,0.00,yes,1,1,1
5147,714,KIAA0319,0,23,3.5,7.1,7.1,0.00,0.00,yes,1,1,1
4220,711,GPRIN2,14,0,2.8,-5.3,5.3,0.00,0.00,yes,1,1,1
15693,688,XIRP1,20,0,3.3,-6.9,6.9,0.00,0.00,yes,1,1,1
6305,686,LOC102036849,0,34,4.1,6.8,6.8,0.00,0.00,yes,1,1,1
9586,675,LYZ,26,0,3.7,-6.7,6.7,0.00,0.00,yes,1,1,1
6188,657,LOC102036126,0,21,3.4,6.6,6.6,0.00,0.00,yes,1,1,1
7152,656,LOC102042286,196,22,6.8,-3.1,3.1,0.00,0.02,yes,2,1,1
8568,628,LOC115948522,33685,433,14.1,-6.3,6.3,0.00,0.00,yes,2,1,1
14790,621,TRABD2A,1,44,4.5,5.9,5.9,0.00,0.00,yes,1,1,1
6449,607,LOC102037801,16,0,3.0,-6.1,6.1,0.00,0.00,yes,1,1,1
2273,602,CTHRC1,0,10,2.3,6.0,6.0,0.00,0.01,yes,1,1,1
6130,601,LOC102035828,16,0,3.0,-6.0,6.0,0.00,0.01,yes,1,1,1
14033,591,SUSD2,0,10,2.3,5.9,5.9,0.00,0.00,yes,1,1,1
11262,586,PDZD7,15,845,8.7,5.9,5.9,0.00,0.00,yes,2,1,1
6627,586,LOC102038924,124,2,6.0,-5.9,5.9,0.00,0.00,yes,1,1,1
3422,585,FAM169A,384,7,7.6,-5.8,5.8,0.00,0.00,yes,1,1,1
5995,579,LOC102034805,2012,37,10.0,-5.8,5.8,0.00,0.00,yes,2,1,1
6061,576,LOC102035260,0,12,2.6,5.8,5.8,0.00,0.00,yes,1,1,1
5386,574,LDHD,24,0,3.6,-5.3,5.3,0.00,0.00,yes,1,1,1
140,571,ACSL3,365,7,7.5,-5.7,5.7,0.00,0.00,yes,1,1,1
9711,566,MARCHF3,24,0,3.6,-5.7,5.7,0.00,0.00,yes,1,1,1
14499,565,TMEM120B,59,4,5.0,-3.7,3.7,0.00,0.01,yes,1,1,1
4272,545,GRK5,11,0,2.5,-5.5,5.5,0.00,0.00,yes,1,1,1
3752,544,FRMD3,0,14,2.8,5.4,5.4,0.00,0.00,yes,1,1,1
6314,542,LOC102036895,10,0,2.3,-5.4,5.4,0.00,0.01,yes,1,1,1
5611,537,LOC102032275,1,55,4.8,5.4,5.4,0.00,0.00,yes,1,1,1
3227,537,EPSTI1,2286,55,10.2,-5.4,5.4,0.00,0.00,yes,2,1,1
4596,537,HRH1,10,0,2.3,-5.4,5.4,0.00,0.00,yes,1,1,1
3682,532,FLT1,56,2,4.9,-4.7,4.7,0.00,0.00,yes,1,1,1
5824,528,LOC102033658,48,1,4.6,-5.3,5.3,0.00,0.02,yes,1,1,1
8373,526,LOC115948281,200,5,6.7,-5.3,5.3,0.00,0.00,yes,1,1,1
5022,517,KATNAL2,0,11,2.5,5.2,5.2,0.00,0.00,yes,1,1,1
2403,516,CUNH3orf52,12,0,2.6,-5.2,5.2,0.00,0.00,yes,1,1,1
2535,506,DCP1B,213,12,6.8,-4.1,4.1,0.00,0.00,yes,2,1,1
13242,501,SLC16A4,1,10,2.5,3.8,3.8,0.01,0.04,yes,1,1,1
7882,489,LOC106632244,366,13,7.6,-4.9,4.9,0.00,0.00,yes,2,1,1
12785,487,RUSC2,1,37,4.2,4.9,4.9,0.00,0.00,yes,1,1,1
7114,482,LOC102042000,0,13,2.7,4.8,4.8,0.00,0.00,yes,1,1,1
9585,481,LYVE1,30,1,4.0,-4.8,4.8,0.00,0.00,yes,1,1,1
14164,473,TASOR,1606,160,9.8,-3.3,3.3,0.00,0.00,yes,2,1,1
7246,471,LOC102042979,2,25,3.8,3.8,3.8,0.00,0.01,yes,1,1,1
1717,470,CERS1,13,1,2.8,-4.3,4.3,0.00,0.01,yes,1,1,1
15388,446,USP18,884,40,8.9,-4.5,4.5,0.00,0.00,yes,2,1,1
5696,444,LOC102032844,67,3,5.1,-4.4,4.4,0.00,0.00,yes,1,1,1
2898,441,DTNA,107,12,5.9,-3.2,3.2,0.00,0.03,yes,2,1,1
12839,439,SARDH,30,1,4.0,-4.4,4.4,0.00,0.02,yes,1,1,1
5025,439,KAZALD1,6,111,5.9,4.4,4.4,0.00,0.00,yes,1,1,1
9274,434,LOC115949410,730,36,8.6,-4.3,4.3,0.00,0.00,yes,2,1,1
1446,428,CCDC66,84,13,5.6,-2.6,2.6,0.00,0.00,yes,2,1,1
10754,428,NR4A3,114,1460,9.6,3.7,3.7,0.00,0.00,yes,2,1,1
13629,423,SNTA1,5,57,5.0,3.5,3.5,0.00,0.00,yes,1,1,1
2504,422,DBNDD2,23,95,5.9,2.0,2.0,0.00,0.00,yes,2,1,1
9336,420,LOC115949477,16,2,3.2,-3.0,3.0,0.01,0.04,yes,1,1,1
2140,420,CPN2,35,644,8.4,4.2,4.2,0.00,0.00,yes,2,1,1
9119,419,LOC115949242,278,15,7.2,-4.2,4.2,0.00,0.00,yes,2,1,1
2464,412,CYSRT1,0,11,2.5,4.1,4.1,0.00,0.00,yes,1,1,1
991,412,BBOX1,2,31,4.0,3.8,3.8,0.00,0.00,yes,1,1,1
5223,411,KLF11,106,1834,9.9,4.1,4.1,0.00,0.00,yes,2,1,1
6044,409,LOC102035141,12,212,6.8,4.1,4.1,0.00,0.00,yes,2,1,1
13868,409,SSX2IP,11,92,5.7,3.1,3.1,0.00,0.00,yes,2,1,1
14066,409,SYNDIG1L,28,268,7.2,3.2,3.2,0.00,0.01,yes,2,1,1
2383,405,CUNH20orf194,58,4,5.0,-4.1,4.1,0.00,0.00,yes,1,1,1
3397,403,FAM131B,10,1,2.5,-4.0,4.0,0.00,0.00,yes,1,1,1
491,401,ANKRD31,52,3,4.8,-4.0,4.0,0.00,0.00,yes,1,1,1
330,401,AIFM3,59,4,5.0,-4.0,4.0,0.00,0.00,yes,1,1,1
1954,400,CMBL,1282,8773,12.3,2.8,2.8,0.00,0.00,yes,2,1,1
2985,400,EDA,231,24,7.0,-3.3,3.3,0.00,0.00,yes,2,1,1
6620,400,LOC102038864,1836,115,9.9,-4.0,4.0,0.00,0.00,yes,2,1,1
12845,392,SASH1,49,3,4.7,-3.9,3.9,0.00,0.00,yes,1,1,1
10315,390,MYO10,32,2,4.1,-3.9,3.9,0.00,0.02,yes,1,1,1
15495,387,VPS13C,2144,147,10.2,-3.9,3.9,0.00,0.00,yes,2,1,1
5933,384,LOC102034377,12002,839,12.6,-3.8,3.8,0.00,0.00,yes,2,1,1
4788,381,IL22RA2,33,459,7.9,3.8,3.8,0.00,0.00,yes,2,1,1
7667,381,LOC102045521,10,1,2.5,-3.8,3.8,0.00,0.01,yes,1,1,1
12281,378,RBBP8NL,15,1,3.0,-3.8,3.8,0.00,0.00,yes,1,1,1
1027,374,BCO2,5,68,5.2,3.7,3.7,0.00,0.00,yes,1,1,1
13904,371,STAR,32,111,6.2,1.8,1.8,0.01,0.04,yes,2,1,1
14040,368,SV2A,5,60,5.0,3.7,3.7,0.00,0.00,yes,1,1,1
5918,367,LOC102034299,1,13,2.8,3.6,3.6,0.00,0.00,yes,1,1,1
3224,367,EPS8,11,1,2.6,-3.5,3.5,0.00,0.01,yes,1,1,1
6380,360,LOC102037327,456,78,8.1,-2.5,2.5,0.00,0.02,yes,2,1,1
8946,359,LOC115949016,52,6,4.9,-3.2,3.2,0.00,0.01,yes,1,1,1
5575,358,LOC102031948,106,1266,9.4,3.6,3.6,0.00,0.00,yes,2,1,1
11717,354,PPFIA4,126,11,6.1,-3.5,3.5,0.00,0.00,yes,2,1,1
10620,352,NKAIN1,31,241,7.1,3.0,3.0,0.00,0.00,yes,2,1,1
7322,352,LOC102043424,23,263,7.2,3.5,3.5,0.00,0.00,yes,2,1,1
3844,350,GABRR3,1,13,2.8,3.5,3.5,0.00,0.00,yes,1,1,1
15660,347,WNT4,3,32,4.1,3.5,3.5,0.00,0.00,yes,1,1,1
4561,345,HOXA3,4,40,4.5,3.5,3.5,0.00,0.00,yes,1,1,1
5819,343,LOC102033630,539,50,8.2,-3.4,3.4,0.00,0.00,yes,2,1,1
7893,343,LOC115947657,1360,126,9.5,-3.4,3.4,0.00,0.00,yes,2,1,1
7216,341,LOC102042767,18,188,6.7,3.4,3.4,0.00,0.00,yes,2,1,1
5815,340,LOC102033595,9,89,5.6,3.4,3.4,0.00,0.00,yes,1,1,1
11491,338,PLA2G15,44,348,7.6,3.0,3.0,0.00,0.00,yes,2,1,1
3767,338,FRZB,16,2,3.2,-3.4,3.4,0.00,0.03,yes,1,1,1
10113,338,MRPL24,1544,16055,13.1,3.4,3.4,0.00,0.00,yes,2,1,1
7113,338,LOC102041996,23,4,3.8,-2.7,2.7,0.00,0.02,yes,1,1,1
2885,338,DSCC1,92,20,5.8,-2.2,2.2,0.00,0.00,yes,2,1,1
8996,337,LOC115949082,90,9,5.6,-3.3,3.3,0.00,0.00,yes,1,1,1
6577,335,LOC102038583,190,19,6.7,-3.4,3.4,0.00,0.00,yes,2,1,1
3670,334,FKBP6,42,4,4.5,-3.3,3.3,0.00,0.00,yes,1,1,1
5608,333,LOC102032244,8,70,5.3,3.3,3.3,0.00,0.00,yes,1,1,1
11580,328,PLPPR3,20,194,6.7,3.3,3.3,0.00,0.00,yes,2,1,1
11203,326,PDE1A,21,2,3.5,-3.3,3.3,0.00,0.00,yes,1,1,1
12970,325,SELENBP1,5,50,4.8,3.3,3.3,0.00,0.00,yes,1,1,1
6603,325,LOC102038749,64,7,5.1,-3.1,3.1,0.00,0.00,yes,1,1,1
3565,324,FBXO5,5,46,4.7,3.2,3.2,0.00,0.00,yes,1,1,1
13834,324,SRPX,21,2,3.5,-3.2,3.2,0.00,0.02,yes,1,1,1
3876,323,GALR2,115,12,6.0,-3.2,3.2,0.00,0.00,yes,2,1,1
7197,322,LOC102042665,1,10,2.5,3.1,3.1,0.00,0.00,yes,1,1,1
282,321,AFMID,1,12,2.7,3.1,3.1,0.00,0.00,yes,1,1,1
13674,321,SOD1,1354,12522,12.8,3.2,3.2,0.00,0.00,yes,2,1,1
5524,320,LOC102031613,1,13,2.8,3.2,3.2,0.00,0.02,yes,1,1,1
3954,320,GEM,40,4,4.5,-3.2,3.2,0.00,0.01,yes,1,1,1
6969,317,LOC102040923,63,7,5.1,-3.2,3.2,0.00,0.00,yes,1,1,1
1721,317,CERS6,11,1,2.6,-3.2,3.2,0.00,0.02,yes,1,1,1
8728,316,LOC115948719,22,192,6.7,3.2,3.2,0.00,0.00,yes,2,1,1
8867,311,LOC115948891,311,36,7.4,-3.1,3.1,0.00,0.00,yes,2,1,1
2918,310,DUSP15,218,25,6.9,-3.1,3.1,0.00,0.00,yes,2,1,1
8672,310,LOC115948647,30,256,7.2,3.1,3.1,0.00,0.00,yes,2,1,1
7763,308,LOC106631992,22,3,3.6,-2.9,2.9,0.00,0.02,yes,1,1,1
13733,307,SPATA5L1,346,41,7.6,-3.1,3.1,0.00,0.00,yes,2,1,1
5983,306,LOC102034661,2,15,3.1,3.0,3.0,0.00,0.02,yes,1,1,1
2592,306,DDX58,2677,320,10.5,-3.1,3.1,0.00,0.00,yes,2,1,1
8726,305,LOC115948717,51,420,7.9,3.1,3.1,0.00,0.00,yes,2,1,1
6774,304,LOC102039809,4,14,3.2,1.9,1.9,0.00,0.02,yes,1,1,1
6923,302,LOC102040639,300,37,7.4,-3.0,3.0,0.00,0.01,yes,2,1,1
4581,301,HPCAL4,4,30,4.1,3.0,3.0,0.00,0.00,yes,1,1,1
12739,301,RSAD2,16104,2000,13.1,-3.0,3.0,0.00,0.00,yes,2,1,1
2905,301,DTX3L,15680,1950,13.1,-3.0,3.0,0.00,0.00,yes,2,1,1
1018,301,BCL2L14,28,4,4.0,-3.0,3.0,0.00,0.00,yes,1,1,1
9435,300,LPIN1,28,3,4.0,-3.0,3.0,0.00,0.00,yes,1,1,1
3581,299,FDFT1,246,1956,10.1,3.0,3.0,0.00,0.00,yes,2,1,1
4795,298,IL4I1,226,29,7.0,-3.0,3.0,0.00,0.00,yes,2,1,1
5217,296,KIZ,16,2,3.2,-3.0,3.0,0.00,0.00,yes,1,1,1
2650,295,DHCR7,14,107,5.9,3.0,3.0,0.00,0.00,yes,2,1,1
10000,295,MLPH,34,4,4.2,-3.0,3.0,0.00,0.02,yes,1,1,1
14512,295,TMEM132D,4,24,3.8,2.5,2.5,0.00,0.00,yes,1,1,1
10650,295,NMI,2566,332,10.5,-2.9,2.9,0.00,0.00,yes,2,1,1
5672,294,LOC102032705,267228,34740,17.2,-2.9,2.9,0.00,0.00,yes,2,1,1
6682,293,LOC102039268,52,7,4.9,-2.9,2.9,0.00,0.00,yes,1,1,1
7694,292,LOC106631792,8,56,5.0,2.9,2.9,0.00,0.01,yes,1,1,1
891,290,ATP6V1G3,22,3,3.6,-2.7,2.7,0.00,0.00,yes,1,1,1
9929,290,MGP,2,10,2.6,2.3,2.3,0.00,0.01,yes,1,1,1
13081,289,SFXN3,178,1012,9.2,2.5,2.5,0.00,0.00,yes,2,1,1
1025,287,BCLAF3,11,2,2.7,-2.9,2.9,0.00,0.01,yes,1,1,1
7736,287,LOC106631910,2256,9580,12.5,2.1,2.1,0.00,0.02,yes,2,1,1
11271,287,PEBP1,3306,489,10.9,-2.8,2.8,0.00,0.00,yes,2,1,1
1960,286,CMPK2,4924,677,11.5,-2.9,2.9,0.00,0.00,yes,2,1,1
10643,285,NLRC5,1050,145,9.2,-2.9,2.9,0.00,0.00,yes,2,1,1
12307,285,RBM43,2498,347,10.5,-2.9,2.9,0.00,0.00,yes,2,1,1
4153,285,GPHN,40,243,7.1,2.6,2.6,0.00,0.00,yes,2,1,1
14318,284,TEX12,3,19,3.5,2.8,2.8,0.00,0.00,yes,1,1,1
1542,283,CD79B,336,47,7.6,-2.8,2.8,0.00,0.00,yes,2,1,1
2621,283,DEPDC1B,4,25,3.9,2.8,2.8,0.00,0.00,yes,1,1,1
7570,282,LOC102044945,10,1,2.5,-2.8,2.8,0.01,0.04,yes,1,1,1
10058,282,MOV10,8506,1208,12.2,-2.8,2.8,0.00,0.00,yes,2,1,1
1733,281,CFAP36,10,1,2.5,-2.8,2.8,0.00,0.01,yes,1,1,1
8009,281,LOC115947799,120,741,8.7,2.6,2.6,0.00,0.00,yes,2,1,1
8795,281,LOC115948803,21,3,3.6,-2.8,2.8,0.00,0.02,yes,1,1,1
14984,281,TRNAM-CAU,27,4,4.0,-2.8,2.8,0.00,0.00,yes,1,1,1
8670,281,LOC115948645,87,536,8.3,2.6,2.6,0.00,0.00,yes,2,1,1
15223,281,TYRO3,2,16,3.2,2.8,2.8,0.00,0.00,yes,1,1,1
6604,280,LOC102038751,35,5,4.3,-2.8,2.8,0.00,0.00,yes,1,1,1
4197,278,GPR3,3,21,3.6,2.8,2.8,0.00,0.00,yes,1,1,1
6905,277,LOC102040547,10,2,2.6,-2.8,2.8,0.00,0.03,yes,1,1,1
15879,277,ZHX1,155,28,6.5,-2.5,2.5,0.00,0.00,yes,2,1,1
1489,276,CCNG1,388,2110,10.3,2.4,2.4,0.00,0.00,yes,2,1,1
13732,275,SPATA5,74,11,5.4,-2.8,2.8,0.00,0.00,yes,2,1,1
14520,274,TMEM14A,34,5,4.3,-2.7,2.7,0.00,0.00,yes,1,1,1
13618,274,SNRNP40,1463,4567,11.6,1.6,1.6,0.00,0.00,yes,2,1,1
4865,274,INTS6,911,136,9.0,-2.7,2.7,0.00,0.00,yes,2,1,1
148,273,ACTA2,90,13,5.7,-2.7,2.7,0.00,0.00,yes,2,1,1
15028,273,TRNAS-UGA,10,63,5.2,2.7,2.7,0.00,0.00,yes,2,1,1
5150,272,KIAA0513,43,10,4.7,-2.1,2.1,0.00,0.01,yes,2,1,1
1657,272,CELSR2,31,5,4.2,-2.7,2.7,0.00,0.00,yes,1,1,1
10290,272,MYCN,2,12,2.8,2.7,2.7,0.00,0.00,yes,1,1,1
15229,272,UACA,6,21,3.8,1.8,1.8,0.00,0.02,yes,1,1,1
5392,272,LECT2,18,3,3.4,-2.7,2.7,0.00,0.01,yes,1,1,1
7365,271,LOC102043715,10627,1619,12.6,-2.7,2.7,0.00,0.00,yes,2,1,1
10931,271,OLFML1,15,2,3.1,-2.7,2.7,0.00,0.00,yes,1,1,1
8979,271,LOC115949057,3,23,3.7,2.7,2.7,0.00,0.00,yes,1,1,1
3300,270,ETV7,229,36,7.0,-2.7,2.7,0.00,0.00,yes,2,1,1
7836,270,LOC106632178,1,10,2.5,2.7,2.7,0.00,0.01,yes,1,1,1
13110,269,SH2D4A,6,32,4.2,2.3,2.3,0.00,0.01,yes,1,1,1
1001,269,BCAR1,37,239,7.1,2.7,2.7,0.00,0.00,yes,2,1,1
1325,268,CARHSP1,482,76,8.1,-2.7,2.7,0.00,0.00,yes,2,1,1
5433,267,LIMA1,8,53,4.9,2.7,2.7,0.00,0.00,yes,1,1,1
15961,267,ZNF704,54,349,7.7,2.7,2.7,0.00,0.00,yes,2,1,1
13585,266,SMTNL2,25,4,3.9,-2.7,2.7,0.00,0.00,yes,1,1,1
13903,265,STAMBPL1,49,8,4.8,-2.7,2.7,0.00,0.00,yes,1,1,1
11657,265,POLQ,100,16,5.9,-2.6,2.6,0.00,0.01,yes,2,1,1
14472,264,TMCC3,56,9,5.0,-2.6,2.6,0.00,0.00,yes,1,1,1
9489,264,LRRC3C,222,1381,9.6,2.6,2.6,0.00,0.00,yes,2,1,1
2858,263,DPY19L3,1615,261,9.9,-2.6,2.6,0.00,0.00,yes,2,1,1
7328,263,LOC102043467,24,4,3.8,-2.6,2.6,0.00,0.00,yes,1,1,1
15790,262,ZBTB46,80,337,7.7,2.1,2.1,0.00,0.00,yes,2,1,1
583,261,APMAP,62,10,5.2,-2.6,2.6,0.00,0.00,yes,2,1,1
6855,261,LOC102040271,17,3,3.3,-2.6,2.6,0.00,0.00,yes,1,1,1
14536,260,TMEM170B,22,4,3.7,-2.6,2.6,0.00,0.00,yes,1,1,1
5877,259,LOC102034077,14,2,3.0,-2.6,2.6,0.00,0.01,yes,1,1,1
5895,258,LOC102034174,86,19,5.7,-2.2,2.2,0.00,0.00,yes,2,1,1
2721,258,DLGAP3,11,64,5.2,2.6,2.6,0.00,0.00,yes,2,1,1
977,258,BANK1,185,31,6.8,-2.6,2.6,0.00,0.00,yes,2,1,1
2614,258,DENND4C,95,405,8.0,2.1,2.1,0.00,0.00,yes,2,1,1
8163,257,LOC115947994,44,242,7.2,2.5,2.5,0.00,0.00,yes,2,1,1
2676,257,DHX58,3834,647,11.1,-2.6,2.6,0.00,0.00,yes,2,1,1
11461,256,PITRM1,2664,452,10.6,-2.6,2.6,0.00,0.00,yes,2,1,1
7492,256,LOC102044509,6,38,4.5,2.6,2.6,0.00,0.00,yes,1,1,1
8514,256,LOC115948453,11,2,2.7,-2.6,2.6,0.00,0.00,yes,1,1,1
14667,255,TMTC2,24,4,3.8,-2.6,2.6,0.00,0.01,yes,1,1,1
6292,255,LOC102036759,91,16,5.7,-2.6,2.6,0.00,0.00,yes,2,1,1
4831,255,INIP,339,117,7.8,-1.5,1.5,0.00,0.00,yes,2,1,1
3706,255,FNDC4,20,4,3.6,-2.5,2.5,0.00,0.00,yes,1,1,1
10042,255,MOGAT1,27,5,4.0,-2.5,2.5,0.00,0.01,yes,1,1,1
4995,254,JMJD7,47,270,7.3,2.5,2.5,0.00,0.00,yes,2,1,1
9312,254,LOC115949449,16,95,5.8,2.5,2.5,0.00,0.00,yes,2,1,1
5750,254,LOC102033179,112,20,6.0,-2.5,2.5,0.00,0.00,yes,2,1,1
12337,254,RCC1,7578,43963,14.7,2.5,2.5,0.00,0.00,yes,2,1,1
3150,253,EMP2,57,10,5.1,-2.5,2.5,0.00,0.00,yes,2,1,1
6833,251,LOC102040127,8,48,4.8,2.5,2.5,0.01,0.05,yes,1,1,1
4498,251,HJV,3,16,3.2,2.5,2.5,0.00,0.00,yes,1,1,1
7508,251,LOC102044609,10106,1773,12.5,-2.5,2.5,0.00,0.00,yes,2,1,1
14260,251,TDO2,9,44,4.7,2.4,2.4,0.00,0.00,yes,1,1,1
6386,251,LOC102037391,5,29,4.1,2.5,2.5,0.00,0.00,yes,1,1,1
3059,250,EIF2AK2,6811,1202,12.0,-2.5,2.5,0.00,0.00,yes,2,1,1
4905,250,IRF6,16,90,5.7,2.5,2.5,0.00,0.02,yes,2,1,1
15299,250,UBXN10,3,16,3.2,2.5,2.5,0.00,0.00,yes,1,1,1
15623,250,WDR78,3,18,3.4,2.5,2.5,0.00,0.00,yes,1,1,1
13737,250,SPATS2L,866,186,9.0,-2.2,2.2,0.00,0.00,yes,2,1,1
3016,249,EEPD1,101,18,5.9,-2.5,2.5,0.00,0.00,yes,2,1,1
6447,249,LOC102037794,2,11,2.7,2.5,2.5,0.00,0.03,yes,1,1,1
11778,248,PPP2R3A,10,34,4.5,1.7,1.7,0.00,0.00,yes,2,1,1
11744,247,PPM1K,41,9,4.6,-2.2,2.2,0.00,0.01,yes,1,1,1
7104,247,LOC102041907,127,26,6.3,-2.3,2.3,0.00,0.00,yes,2,1,1
7499,247,LOC102044558,94,17,5.8,-2.5,2.5,0.00,0.00,yes,2,1,1
11569,247,PLOD2,75,14,5.5,-2.5,2.5,0.00,0.00,yes,2,1,1
9138,247,LOC115949267,11,61,5.2,2.5,2.5,0.00,0.00,yes,2,1,1
2967,246,EBF1,19,4,3.5,-2.5,2.5,0.00,0.01,yes,1,1,1
2503,245,DBN1,11,59,5.1,2.5,2.5,0.00,0.00,yes,2,1,1
3271,245,ESD,168,921,9.1,2.5,2.5,0.00,0.00,yes,2,1,1
11383,245,PI16,4,24,3.8,2.5,2.5,0.00,0.00,yes,1,1,1
4766,245,IL13RA1,102,19,5.9,-2.4,2.4,0.00,0.00,yes,2,1,1
6679,244,LOC102039264,32,6,4.2,-2.4,2.4,0.00,0.00,yes,1,1,1
14225,244,TCAIM,20,4,3.6,-2.4,2.4,0.00,0.00,yes,1,1,1
3401,243,FAM13A,150,524,8.4,1.8,1.8,0.00,0.00,yes,2,1,1
12027,243,PTPN22,146,27,6.4,-2.4,2.4,0.00,0.00,yes,2,1,1
8328,243,LOC115948218,16,3,3.2,-2.4,2.4,0.00,0.02,yes,1,1,1
8485,242,LOC115948418,2,13,2.9,2.4,2.4,0.00,0.00,yes,1,1,1
12784,242,RUSC1,20,4,3.6,-2.4,2.4,0.00,0.01,yes,1,1,1
2507,240,DBT,19,4,3.5,-2.2,2.2,0.00,0.00,yes,1,1,1
6014,240,LOC102034966,6,33,4.3,2.4,2.4,0.00,0.01,yes,1,1,1
9736,240,MATN3,59,313,7.5,2.4,2.4,0.00,0.00,yes,2,1,1
10547,240,NEU4,4,22,3.7,2.4,2.4,0.00,0.00,yes,1,1,1
1664,239,CENPE,50,10,4.9,-2.4,2.4,0.00,0.00,yes,2,1,1
6221,239,LOC102036302,20,105,6.0,2.4,2.4,0.00,0.00,yes,2,1,1
12237,239,RAPGEF5,24,6,3.9,-2.0,2.0,0.00,0.03,yes,1,1,1
8201,239,LOC115948039,13,67,5.3,2.4,2.4,0.00,0.00,yes,2,1,1
6829,239,LOC102040095,2918,558,10.8,-2.4,2.4,0.00,0.00,yes,2,1,1
6094,239,LOC102035537,13,67,5.3,2.4,2.4,0.00,0.00,yes,2,1,1
11478,238,PKIG,14,3,3.1,-2.4,2.4,0.00,0.01,yes,1,1,1
14315,238,TET3,25,125,6.2,2.3,2.3,0.00,0.00,yes,2,1,1
9039,238,LOC115949153,100,521,8.3,2.4,2.4,0.00,0.00,yes,2,1,1
9246,238,LOC115949382,10,55,5.0,2.4,2.4,0.00,0.01,yes,2,1,1
3363,237,FAAP20,12,3,2.9,-2.0,2.0,0.00,0.03,yes,1,1,1
15690,237,XDH,133,26,6.3,-2.4,2.4,0.00,0.02,yes,2,1,1
5563,237,LOC102031884,7,33,4.3,2.4,2.4,0.00,0.00,yes,1,1,1
11032,237,P4HA1,143,739,8.8,2.4,2.4,0.00,0.00,yes,2,1,1
6597,236,LOC102038688,975,190,9.2,-2.4,2.4,0.00,0.00,yes,2,1,1
13298,236,SLC25A29,86,17,5.7,-2.4,2.4,0.00,0.00,yes,2,1,1
7700,236,LOC106631813,16,6,3.5,-1.5,1.5,0.00,0.02,yes,1,1,1
1357,236,CAVIN2,111,22,6.1,-2.4,2.4,0.00,0.00,yes,2,1,1
1545,235,CD82,911,178,9.1,-2.4,2.4,0.00,0.00,yes,2,1,1
1754,235,CFH,99,22,5.9,-2.1,2.1,0.01,0.05,yes,2,1,1
14848,235,TRIM47,5616,1103,11.7,-2.3,2.3,0.00,0.00,yes,2,1,1
9056,234,LOC115949171,40,122,6.3,1.6,1.6,0.00,0.00,yes,2,1,1
13702,233,SOX5,58,11,5.1,-2.3,2.3,0.00,0.00,yes,2,1,1
14839,233,TRIM25,6184,1229,11.9,-2.3,2.3,0.00,0.00,yes,2,1,1
10250,233,MTTP,255,65,7.3,-2.0,2.0,0.00,0.00,yes,2,1,1
15014,233,TRNAR-CCU,17,84,5.7,2.3,2.3,0.00,0.00,yes,2,1,1
12532,233,RNF135,1103,220,9.4,-2.3,2.3,0.00,0.00,yes,2,1,1
8241,233,LOC115948115,12,2,2.8,-2.3,2.3,0.00,0.03,yes,1,1,1
5721,232,LOC102032987,55,11,5.0,-2.3,2.3,0.00,0.00,yes,2,1,1
309,232,AGTR2,239,48,7.2,-2.3,2.3,0.00,0.00,yes,2,1,1
5970,232,LOC102034601,3,15,3.2,2.3,2.3,0.00,0.01,yes,1,1,1
7768,231,LOC106632010,166,34,6.6,-2.3,2.3,0.00,0.00,yes,2,1,1
11310,231,PGA3,35,11,4.5,-1.7,1.7,0.00,0.00,yes,2,1,1
15124,231,TSTD3,176,36,6.7,-2.3,2.3,0.00,0.00,yes,2,1,1
11680,231,POMGNT2,214,1045,9.3,2.3,2.3,0.00,0.00,yes,2,1,1
9207,230,LOC115949341,3,15,3.2,2.3,2.3,0.00,0.02,yes,1,1,1
6436,230,LOC102037713,4828,982,11.5,-2.3,2.3,0.00,0.00,yes,2,1,1
15006,230,TRNAQ-UUG,12,2,2.8,-2.3,2.3,0.00,0.01,yes,1,1,1
4061,230,GM2A,1133,230,9.4,-2.3,2.3,0.00,0.00,yes,2,1,1
8629,229,LOC115948593,46,9,4.8,-2.3,2.3,0.00,0.00,yes,1,1,1
11700,229,PP2D1,42,8,4.6,-2.3,2.3,0.00,0.00,yes,1,1,1
8711,229,LOC115948698,34561,7092,14.3,-2.3,2.3,0.00,0.00,yes,2,1,1
9132,228,LOC115949256,4,15,3.2,2.3,2.3,0.00,0.00,yes,1,1,1
10651,228,NMNAT1,73,24,5.6,-1.6,1.6,0.00,0.00,yes,2,1,1
8515,228,LOC115948454,62,18,5.3,-1.8,1.8,0.00,0.00,yes,2,1,1
3168,228,ENOPH1,550,2037,10.3,1.9,1.9,0.00,0.00,yes,2,1,1
7182,228,LOC102042536,143,30,6.4,-2.3,2.3,0.00,0.00,yes,2,1,1
8228,227,LOC115948084,3,14,3.1,2.3,2.3,0.00,0.02,yes,1,1,1
11472,227,PKD2L1,56,12,5.1,-2.3,2.3,0.00,0.00,yes,2,1,1
4283,226,GRP,7,25,4.0,1.9,1.9,0.00,0.02,yes,1,1,1
7264,226,LOC102043069,10,2,2.6,-2.3,2.3,0.00,0.02,yes,1,1,1
7297,226,LOC102043268,208,79,7.2,-1.4,1.4,0.01,0.03,yes,2,1,1
7191,226,LOC102042620,48,10,4.9,-2.3,2.3,0.00,0.00,yes,2,1,1
12798,226,RYBP,22,104,6.0,2.3,2.3,0.00,0.00,yes,2,1,1
1552,225,CD99L2,28,90,5.9,1.7,1.7,0.00,0.00,yes,2,1,1
2653,225,DHH,20,97,5.9,2.3,2.3,0.00,0.00,yes,2,1,1
7530,225,LOC102044710,7,21,3.8,1.6,1.6,0.01,0.05,yes,1,1,1
3176,225,ENPP5,356,885,9.3,1.3,1.3,0.00,0.01,yes,2,1,1
11090,225,PARD3,12,2,2.8,-2.2,2.2,0.00,0.03,yes,1,1,1
12434,225,RGS3,85,18,5.7,-2.2,2.2,0.00,0.00,yes,2,1,1
5056,224,KCNH4,22,102,6.0,2.2,2.2,0.00,0.00,yes,2,1,1
7058,224,LOC102041503,5,20,3.6,2.2,2.2,0.00,0.03,yes,1,1,1
6936,224,LOC102040732,60,12,5.2,-2.2,2.2,0.00,0.00,yes,2,1,1
13084,224,SGCB,1141,242,9.4,-2.2,2.2,0.00,0.00,yes,2,1,1
2779,223,DNAJC15,569,121,8.4,-2.2,2.2,0.00,0.00,yes,2,1,1
15579,223,WDFY4,495,106,8.2,-2.2,2.2,0.00,0.01,yes,2,1,1
830,223,ATM,662,142,8.7,-2.2,2.2,0.00,0.00,yes,2,1,1
15933,223,ZNF462,30,8,4.2,-1.8,1.8,0.00,0.00,yes,1,1,1
12471,222,RHPN2,16,3,3.2,-2.2,2.2,0.00,0.02,yes,1,1,1
10392,222,NANP,3274,703,11.0,-2.2,2.2,0.00,0.00,yes,2,1,1
3683,222,FLT3,95,28,5.9,-1.8,1.8,0.00,0.02,yes,2,1,1
6311,221,LOC102036883,99,22,5.9,-2.2,2.2,0.01,0.03,yes,2,1,1
13639,221,SNX10,669,144,8.7,-2.2,2.2,0.00,0.00,yes,2,1,1
12327,221,RBPMS,3,12,2.9,2.2,2.2,0.00,0.01,yes,1,1,1
2828,220,DOK5,36,8,4.5,-2.2,2.2,0.00,0.00,yes,1,1,1
2976,220,ECHDC3,147,677,8.7,2.2,2.2,0.00,0.00,yes,2,1,1
10997,220,OTUD3,1162,5356,11.7,2.2,2.2,0.00,0.00,yes,2,1,1
1407,220,CCDC166,20,92,5.8,2.2,2.2,0.00,0.01,yes,2,1,1
974,220,BAK1,42,9,4.7,-2.2,2.2,0.00,0.00,yes,1,1,1
13700,220,SOX30,34,7,4.4,-2.2,2.2,0.00,0.00,yes,1,1,1
11693,219,POU2AF1,64,14,5.3,-2.2,2.2,0.00,0.01,yes,2,1,1
787,219,ASPG,30,6,4.2,-2.2,2.2,0.00,0.01,yes,1,1,1
1825,219,CHRNA10,120,549,8.4,2.2,2.2,0.00,0.01,yes,2,1,1
5458,218,LIPT2,24,109,6.1,2.2,2.2,0.00,0.00,yes,2,1,1
3571,218,FBXW4,307,1390,9.7,2.2,2.2,0.00,0.00,yes,2,1,1
5825,218,LOC102033675,3,12,2.9,2.2,2.2,0.00,0.01,yes,1,1,1
7285,218,LOC102043168,38,8,4.5,-2.2,2.2,0.00,0.02,yes,1,1,1
1752,218,CFD,690,171,8.7,-2.0,2.0,0.00,0.00,yes,2,1,1
4680,218,ICA1,15,5,3.3,-1.6,1.6,0.01,0.05,yes,1,1,1
15977,218,ZNFX1,15426,3412,13.2,-2.2,2.2,0.00,0.00,yes,2,1,1
14599,218,TMEM275,11,2,2.7,-2.2,2.2,0.01,0.03,yes,1,1,1
6515,217,LOC102038204,72,16,5.5,-2.2,2.2,0.00,0.00,yes,2,1,1
3514,217,FAXC,25,6,4.0,-2.2,2.2,0.00,0.01,yes,1,1,1
6368,217,LOC102037238,870,3912,11.2,2.2,2.2,0.00,0.00,yes,2,1,1
185,216,ADAMTS10,13,4,3.1,-1.9,1.9,0.00,0.02,yes,1,1,1
15968,216,ZNF770,34,8,4.4,-2.2,2.2,0.00,0.00,yes,1,1,1
12360,216,REEP4,24,110,6.1,2.2,2.2,0.00,0.00,yes,2,1,1
6295,216,LOC102036781,66,15,5.3,-2.2,2.2,0.00,0.00,yes,2,1,1
2842,216,DPH1,13,3,3.0,-2.2,2.2,0.00,0.02,yes,1,1,1
3940,216,GDF1,29,6,4.1,-2.2,2.2,0.00,0.01,yes,1,1,1
10522,215,NEK2,226,51,7.1,-2.2,2.2,0.00,0.00,yes,2,1,1
102,215,ACAT2,27,62,5.5,1.2,1.2,0.00,0.01,yes,2,1,1
4709,215,IFRD2,1289,291,9.6,-2.1,2.1,0.00,0.00,yes,2,1,1
14476,215,TMCO6,68,19,5.4,-1.8,1.8,0.00,0.01,yes,2,1,1
11915,215,PRSS35,11,2,2.7,-2.1,2.1,0.01,0.04,yes,1,1,1
6933,213,LOC102040716,61,14,5.2,-2.1,2.1,0.00,0.00,yes,2,1,1
8516,213,LOC115948455,165,38,6.7,-2.1,2.1,0.00,0.00,yes,2,1,1
15731,212,YDJC,36,8,4.5,-2.1,2.1,0.00,0.00,yes,1,1,1
4694,211,IDO2,5,20,3.6,2.1,2.1,0.00,0.03,yes,1,1,1
10003,211,MLXIP,80,18,5.6,-2.1,2.1,0.00,0.00,yes,2,1,1
5832,211,LOC102033738,275,1186,9.5,2.1,2.1,0.00,0.00,yes,2,1,1
15179,211,TUBE1,76,18,5.6,-2.1,2.1,0.00,0.00,yes,2,1,1
13383,210,SLC37A1,77,18,5.6,-2.1,2.1,0.00,0.00,yes,2,1,1
10545,210,NEU2,2,10,2.6,2.1,2.1,0.00,0.02,yes,1,1,1
6298,210,LOC102036786,63,15,5.3,-2.1,2.1,0.00,0.01,yes,2,1,1
4623,210,HSP90AB1,1805,5998,11.9,1.7,1.7,0.00,0.00,yes,2,1,1
4710,209,IFT122,70,210,7.1,1.6,1.6,0.00,0.00,yes,2,1,1
8151,209,LOC115947981,6,27,4.0,2.1,2.1,0.00,0.00,yes,1,1,1
3878,209,GALT,44,12,4.8,-1.8,1.8,0.00,0.00,yes,2,1,1
15775,209,ZBTB20,20,88,5.8,2.1,2.1,0.00,0.00,yes,2,1,1
1202,208,C1R,75,24,5.6,-1.7,1.7,0.01,0.04,yes,2,1,1
1216,208,C9orf72,1056,249,9.3,-2.1,2.1,0.00,0.00,yes,2,1,1
6469,208,LOC102037916,28,6,4.1,-2.1,2.1,0.00,0.01,yes,1,1,1
4324,208,GTF3A,16,4,3.3,-2.1,2.1,0.00,0.00,yes,1,1,1
6131,208,LOC102035845,22,5,3.8,-2.1,2.1,0.01,0.04,yes,1,1,1
13238,208,SLC16A12,34,8,4.4,-2.1,2.1,0.00,0.00,yes,1,1,1
10603,208,NIM1K,4,16,3.3,2.1,2.1,0.00,0.02,yes,1,1,1
1438,208,CCDC57,68,215,7.1,1.7,1.7,0.00,0.00,yes,2,1,1
1002,207,BCAR3,16,35,4.7,1.2,1.2,0.00,0.03,yes,2,1,1
7529,207,LOC102044709,33,8,4.4,-2.1,2.1,0.00,0.01,yes,1,1,1
9151,207,LOC115949281,13,55,5.1,2.1,2.1,0.00,0.00,yes,2,1,1
4021,207,GK,39,9,4.6,-2.1,2.1,0.00,0.01,yes,1,1,1
5484,207,LMOD1,8,33,4.4,2.1,2.1,0.00,0.00,yes,1,1,1
2382,205,CUNH1orf74,311,75,7.6,-2.1,2.1,0.00,0.00,yes,2,1,1
6291,205,LOC102036753,215,78,7.2,-1.5,1.5,0.00,0.00,yes,2,1,1
451,205,ANGPT1,35,10,4.5,-1.7,1.7,0.00,0.03,yes,2,1,1
7284,204,LOC102043159,7,29,4.2,2.0,2.0,0.00,0.00,yes,1,1,1
1164,204,BTBD3,16,4,3.3,-2.0,2.0,0.01,0.04,yes,1,1,1
12764,204,RTKN2,25,6,4.0,-2.0,2.0,0.00,0.02,yes,1,1,1
4475,204,HHLA2,158,38,6.6,-2.0,2.0,0.00,0.00,yes,2,1,1
7642,203,LOC102045358,43,10,4.7,-2.0,2.0,0.00,0.02,yes,2,1,1
10654,203,NMRAL1,46,187,6.9,2.0,2.0,0.00,0.00,yes,2,1,1
9420,202,LOX,8,27,4.1,1.7,1.7,0.00,0.03,yes,1,1,1
6769,202,LOC102039799,1484,6019,11.9,2.0,2.0,0.00,0.00,yes,2,1,1
7422,202,LOC102044128,501,2031,10.3,2.0,2.0,0.00,0.00,yes,2,1,1
11181,202,PCYOX1L,10,2,2.6,-2.0,2.0,0.00,0.03,yes,1,1,1
1582,202,CDCA7,52,13,5.0,-2.0,2.0,0.00,0.01,yes,2,1,1
410,201,ALS2CL,25,6,4.0,-2.0,2.0,0.00,0.01,yes,1,1,1
15149,201,TTC39C,18,5,3.5,-2.0,2.0,0.00,0.01,yes,1,1,1
835,201,ATP10A,67,16,5.4,-2.0,2.0,0.00,0.00,yes,2,1,1
8552,201,LOC115948502,59,236,7.2,2.0,2.0,0.00,0.00,yes,2,1,1
13133,201,SH3TC2,44,11,4.8,-2.0,2.0,0.01,0.04,yes,2,1,1
8793,201,LOC115948801,15,59,5.2,2.0,2.0,0.00,0.00,yes,2,1,1
720,200,ARMH4,20,78,5.6,2.0,2.0,0.00,0.01,yes,2,1,1
10893,200,OAS1,53188,13266,15.0,-2.0,2.0,0.00,0.01,yes,2,1,1
7001,200,LOC102041126,268,102,7.5,-1.4,1.4,0.01,0.04,yes,2,1,1
5929,200,LOC102034363,22,6,3.8,-2.0,2.0,0.00,0.00,yes,1,1,1
4182,200,GPR162,90,25,5.8,-1.9,1.9,0.00,0.01,yes,2,1,1
5921,200,LOC102034306,19,77,5.6,2.0,2.0,0.00,0.00,yes,2,1,1
6761,200,LOC102039737,56,14,5.1,-2.0,2.0,0.00,0.02,yes,2,1,1
10844,200,NUDT19,6,19,3.6,1.6,1.6,0.00,0.02,yes,1,1,1
3199,199,EPB41L5,303,100,7.7,-1.6,1.6,0.00,0.00,yes,2,1,1
8976,199,LOC115949054,36,9,4.5,-2.0,2.0,0.01,0.05,yes,1,1,1
9998,199,MLLT6,31,8,4.3,-2.0,2.0,0.00,0.03,yes,1,1,1
14314,199,TET2,416,105,8.0,-2.0,2.0,0.00,0.00,yes,2,1,1
14793,199,TRAF1,39,10,4.6,-2.0,2.0,0.00,0.00,yes,2,1,1
15372,199,UROS,4833,1220,11.6,-2.0,2.0,0.00,0.00,yes,2,1,1
4379,199,HAS2,18,5,3.5,-2.0,2.0,0.01,0.04,yes,1,1,1
5335,199,LAMP3,133,34,6.4,-2.0,2.0,0.01,0.05,yes,2,1,1
15801,198,ZC2HC1C,40,157,6.6,2.0,2.0,0.00,0.00,yes,2,1,1
8099,198,LOC115947921,3,11,2.8,2.0,2.0,0.01,0.05,yes,1,1,1
6921,198,LOC102040637,5720,1450,11.8,-2.0,2.0,0.00,0.01,yes,2,1,1
6333,198,LOC102037011,6,24,3.9,2.0,2.0,0.00,0.02,yes,1,1,1
2846,197,DPH6,12,3,2.9,-2.0,2.0,0.00,0.03,yes,1,1,1
6965,197,LOC102040903,10,2,2.6,-2.0,2.0,0.01,0.05,yes,1,1,1
15254,197,UBE2E3,244,718,8.9,1.6,1.6,0.00,0.00,yes,2,1,1
2759,197,DNAI2,6,24,3.9,2.0,2.0,0.00,0.01,yes,1,1,1
15077,197,TRUB1,54,14,5.1,-2.0,2.0,0.00,0.00,yes,2,1,1
9204,197,LOC115949338,463,129,8.2,-1.8,1.8,0.00,0.03,yes,2,1,1
5452,196,LIPA,7141,1835,12.1,-2.0,2.0,0.00,0.00,yes,2,1,1
14340,196,TFEC,22,6,3.8,-2.0,2.0,0.01,0.05,yes,1,1,1
14003,196,SUCLG2,72,18,5.5,-2.0,2.0,0.00,0.00,yes,2,1,1
512,196,ANKS6,20,5,3.6,-2.0,2.0,0.00,0.01,yes,1,1,1
7213,196,LOC102042760,192,79,7.1,-1.3,1.3,0.00,0.00,yes,2,1,1
1237,196,CACNA1D,31,120,6.2,2.0,2.0,0.00,0.01,yes,2,1,1
12976,196,SELENOP,4940,14838,13.3,1.6,1.6,0.00,0.00,yes,2,1,1
14317,195,TEX11,122,256,7.6,1.1,1.1,0.01,0.03,yes,2,1,1
4723,195,IFT88,18,62,5.3,1.8,1.8,0.00,0.00,yes,2,1,1
8977,195,LOC115949055,92,28,5.9,-1.7,1.7,0.00,0.00,yes,2,1,1
13323,195,SLC26A5,153,40,6.6,-1.9,1.9,0.00,0.00,yes,2,1,1
11837,195,PRIMPOL,76,20,5.6,-1.9,1.9,0.00,0.00,yes,2,1,1
10499,195,NEB,15,52,5.1,1.7,1.7,0.00,0.00,yes,2,1,1
6330,195,LOC102036968,212,55,7.1,-1.9,1.9,0.00,0.00,yes,2,1,1
1124,194,BRCA1,431,1656,10.0,1.9,1.9,0.00,0.00,yes,2,1,1
8640,194,LOC115948605,888,2490,10.7,1.5,1.5,0.00,0.02,yes,2,1,1
1442,194,CCDC61,251,964,9.2,1.9,1.9,0.00,0.00,yes,2,1,1
11602,194,PMM1,180,493,8.4,1.5,1.5,0.00,0.00,yes,2,1,1
3166,194,ENO2,30,114,6.2,1.9,1.9,0.00,0.00,yes,2,1,1
6369,194,LOC102037239,39,10,4.6,-1.9,1.9,0.00,0.01,yes,2,1,1
12759,193,RTCA,18,4,3.5,-1.9,1.9,0.00,0.00,yes,1,1,1
15734,193,YES1,12,3,2.9,-1.9,1.9,0.01,0.04,yes,1,1,1
3399,193,FAM135A,156,412,8.1,1.4,1.4,0.00,0.00,yes,2,1,1
6078,193,LOC102035392,634,167,8.6,-1.9,1.9,0.00,0.00,yes,2,1,1
2022,192,COBL,40,10,4.6,-1.9,1.9,0.01,0.03,yes,2,1,1
15313,192,UCP3,25,84,5.8,1.8,1.8,0.00,0.00,yes,2,1,1
7666,192,LOC102045507,8,31,4.3,1.9,1.9,0.00,0.02,yes,1,1,1
6612,192,LOC102038799,14,54,5.1,1.9,1.9,0.00,0.00,yes,2,1,1
4258,192,GRIK4,19,5,3.6,-1.9,1.9,0.00,0.03,yes,1,1,1
661,192,ARHGEF10L,65,19,5.4,-1.8,1.8,0.01,0.03,yes,2,1,1
2547,192,DCTN6,82,310,7.6,1.9,1.9,0.00,0.00,yes,2,1,1
3886,192,GAREM1,23,6,3.9,-1.9,1.9,0.00,0.01,yes,1,1,1
5620,191,LOC102032342,24,90,5.8,1.9,1.9,0.00,0.00,yes,2,1,1
13877,191,ST3GAL6,133,35,6.4,-1.9,1.9,0.00,0.00,yes,2,1,1
14396,191,TIAM1,220,59,7.1,-1.9,1.9,0.00,0.02,yes,2,1,1
15934,191,ZNF469,6,22,3.8,1.9,1.9,0.00,0.00,yes,1,1,1
14445,190,TLR4,97,28,6.0,-1.8,1.8,0.00,0.02,yes,2,1,1
12263,190,RASL11B,14,52,5.0,1.9,1.9,0.00,0.01,yes,2,1,1
7661,190,LOC102045469,30,8,4.2,-1.9,1.9,0.00,0.01,yes,1,1,1
6259,190,LOC102036559,402,1499,9.9,1.9,1.9,0.00,0.00,yes,2,1,1
12881,190,SCFD2,52,14,5.0,-1.9,1.9,0.00,0.00,yes,2,1,1
14258,190,TCTN3,220,818,9.0,1.9,1.9,0.00,0.00,yes,2,1,1
12382,189,RETREG1,10,3,2.7,-1.9,1.9,0.00,0.02,yes,1,1,1
8987,189,LOC115949070,175,68,6.9,-1.4,1.4,0.00,0.03,yes,2,1,1
13384,189,SLC37A2,82,22,5.7,-1.9,1.9,0.00,0.01,yes,2,1,1
10636,189,NLE1,36,10,4.5,-1.9,1.9,0.01,0.03,yes,2,1,1
1468,189,CCL20,4,12,3.0,1.9,1.9,0.00,0.02,yes,1,1,1
7981,189,LOC115947762,9,33,4.4,1.8,1.8,0.00,0.00,yes,1,1,1
11105,189,PARP9,6477,1750,12.0,-1.9,1.9,0.00,0.00,yes,2,1,1
15230,189,UAP1,2396,8843,12.5,1.9,1.9,0.00,0.00,yes,2,1,1
9452,188,LRIG3,47,160,6.7,1.8,1.8,0.00,0.00,yes,2,1,1
12520,188,RND3,13,47,4.9,1.9,1.9,0.00,0.00,yes,2,1,1
1403,188,CCDC149,42,12,4.8,-1.9,1.9,0.00,0.00,yes,2,1,1
10340,188,MYOF,263,87,7.5,-1.6,1.6,0.00,0.02,yes,2,1,1
8601,187,LOC115948559,63,17,5.3,-1.9,1.9,0.00,0.00,yes,2,1,1
1715,187,CERK,96,26,5.9,-1.9,1.9,0.00,0.00,yes,2,1,1
12240,187,RAPH1,42,12,4.8,-1.9,1.9,0.00,0.00,yes,2,1,1
3672,187,FKBP9,222,508,8.5,1.2,1.2,0.00,0.01,yes,2,1,1
5602,187,LOC102032171,8,28,4.2,1.9,1.9,0.00,0.00,yes,1,1,1
3902,187,GATAD1,1068,308,9.4,-1.8,1.8,0.00,0.00,yes,2,1,1
5381,187,LDAH,28,8,4.2,-1.9,1.9,0.00,0.00,yes,1,1,1
4987,186,JCAD,162,62,6.8,-1.4,1.4,0.00,0.00,yes,2,1,1
10246,186,MTRF1L,172,623,8.6,1.9,1.9,0.00,0.00,yes,2,1,1
8882,186,LOC115948909,24,6,3.9,-1.9,1.9,0.00,0.03,yes,1,1,1
5061,186,KCNIP2,5,18,3.5,1.9,1.9,0.00,0.02,yes,1,1,1
6523,186,LOC102038263,614,2220,10.5,1.9,1.9,0.00,0.00,yes,2,1,1
12288,186,RBM11,3,10,2.7,1.9,1.9,0.00,0.02,yes,1,1,1
13999,185,STYXL1,25,91,5.9,1.9,1.9,0.00,0.01,yes,2,1,1
15444,185,VAMP2,13,46,4.9,1.8,1.8,0.01,0.04,yes,2,1,1
10753,185,NR4A2,134,479,8.3,1.8,1.8,0.00,0.00,yes,2,1,1
6722,184,LOC102039479,313,87,7.6,-1.8,1.8,0.00,0.00,yes,2,1,1
7009,184,LOC102041182,53,15,5.1,-1.8,1.8,0.00,0.00,yes,2,1,1
2906,184,DTX4,92,26,5.9,-1.8,1.8,0.00,0.00,yes,2,1,1
3385,184,FAM114A1,29,8,4.2,-1.8,1.8,0.00,0.00,yes,1,1,1
14285,184,TEK,130,442,8.2,1.8,1.8,0.00,0.00,yes,2,1,1
5605,184,LOC102032192,32,9,4.4,-1.8,1.8,0.00,0.00,yes,1,1,1
284,184,AGA,36,10,4.5,-1.8,1.8,0.00,0.00,yes,2,1,1
13580,184,SMPDL3A,85,27,5.8,-1.6,1.6,0.00,0.02,yes,2,1,1
15419,184,USP54,14,4,3.2,-1.8,1.8,0.01,0.03,yes,1,1,1
1720,183,CERS5,202,681,8.8,1.8,1.8,0.00,0.00,yes,2,1,1
5538,183,LOC102031698,12,3,2.9,-1.8,1.8,0.01,0.04,yes,1,1,1
14908,183,TRNAC-GCA-8,25,68,5.5,1.5,1.5,0.00,0.00,yes,2,1,1
14013,183,SULF2,19,6,3.6,-1.8,1.8,0.01,0.05,yes,1,1,1
6694,183,LOC102039351,13,45,4.9,1.8,1.8,0.00,0.00,yes,2,1,1
6971,183,LOC102040925,79,179,7.0,1.2,1.2,0.00,0.01,yes,2,1,1
15137,183,TTC27,31,9,4.3,-1.8,1.8,0.00,0.00,yes,1,1,1
15192,183,TUT7,954,2838,10.9,1.6,1.6,0.00,0.00,yes,2,1,1
501,183,ANKRD50,24,71,5.6,1.5,1.5,0.00,0.00,yes,2,1,1
7614,183,LOC102045157,489,217,8.5,-1.2,1.2,0.00,0.00,yes,2,1,1
6866,182,LOC102040334,40,11,4.7,-1.8,1.8,0.00,0.00,yes,2,1,1
10379,182,NACC2,98,28,6.0,-1.8,1.8,0.01,0.04,yes,2,1,1
12920,182,SDCBP,2288,648,10.5,-1.8,1.8,0.00,0.00,yes,2,1,1
6853,182,LOC102040255,40,142,6.5,1.8,1.8,0.00,0.00,yes,2,1,1
13066,182,SFMBT1,31,9,4.3,-1.8,1.8,0.00,0.01,yes,1,1,1
4472,182,HHIPL1,64,226,7.2,1.8,1.8,0.00,0.00,yes,2,1,1
6574,181,LOC102038574,32,9,4.4,-1.8,1.8,0.00,0.00,yes,1,1,1
588,181,APOLD1,34,119,6.3,1.8,1.8,0.00,0.00,yes,2,1,1
5144,181,KIAA0040,120,34,6.3,-1.8,1.8,0.00,0.00,yes,2,1,1
9479,181,LRRC23,21,71,5.5,1.8,1.8,0.00,0.00,yes,2,1,1
1190,181,C1QA,1015,317,9.4,-1.7,1.7,0.01,0.04,yes,2,1,1
4844,181,INPP5J,556,1942,10.3,1.8,1.8,0.00,0.00,yes,2,1,1
5031,181,KBTBD3,12,42,4.8,1.8,1.8,0.00,0.00,yes,2,1,1
10256,181,MTX3,29,8,4.2,-1.8,1.8,0.00,0.00,yes,1,1,1
660,180,ARHGEF10,14,33,4.6,1.2,1.2,0.01,0.03,yes,2,1,1
2302,180,CTTNBP2NL,77,22,5.6,-1.8,1.8,0.01,0.03,yes,2,1,1
5920,180,LOC102034304,135,40,6.5,-1.7,1.7,0.00,0.01,yes,2,1,1
7470,180,LOC102044398,4,11,2.9,1.8,1.8,0.01,0.04,yes,1,1,1
10477,180,NDUFAF1,192,617,8.7,1.7,1.7,0.00,0.00,yes,2,1,1
944,180,B3GNT5,94,279,7.5,1.6,1.6,0.00,0.02,yes,2,1,1
10196,180,MSX1,22,74,5.6,1.8,1.8,0.00,0.00,yes,2,1,1
993,180,BBS12,28,8,4.2,-1.8,1.8,0.00,0.02,yes,1,1,1
13667,179,SOCS1,696,201,8.8,-1.8,1.8,0.00,0.00,yes,2,1,1
1305,179,CAPN2,38,11,4.6,-1.8,1.8,0.00,0.01,yes,2,1,1
3696,179,FN1,3808,1100,11.3,-1.8,1.8,0.00,0.02,yes,2,1,1
1579,178,CDCA2,24,82,5.7,1.8,1.8,0.00,0.00,yes,2,1,1
3826,178,GABBR1,14,46,4.9,1.8,1.8,0.00,0.00,yes,2,1,1
10274,178,MXRA7,13,44,4.8,1.8,1.8,0.00,0.00,yes,2,1,1
10798,178,NSUN5,176,52,6.8,-1.8,1.8,0.00,0.00,yes,2,1,1
13662,178,SNX7,30,8,4.2,-1.8,1.8,0.00,0.00,yes,1,1,1
3450,178,FAM217B,49,14,5.0,-1.8,1.8,0.00,0.00,yes,2,1,1
6464,178,LOC102037873,3,11,2.8,1.8,1.8,0.01,0.03,yes,1,1,1
14953,178,TRNAI-AAU-3,10,3,2.7,-1.8,1.8,0.01,0.04,yes,1,1,1
7249,177,LOC102042996,44,13,4.8,-1.8,1.8,0.00,0.01,yes,2,1,1
10281,177,MYBL2,14,4,3.2,-1.7,1.7,0.01,0.04,yes,1,1,1
4616,177,HSD17B7,124,422,8.1,1.8,1.8,0.00,0.00,yes,2,1,1
2378,177,CUNH1orf226,31,107,6.1,1.8,1.8,0.00,0.02,yes,2,1,1
12260,177,RASGRP3,61,18,5.3,-1.8,1.8,0.00,0.02,yes,2,1,1
14708,177,TNNC2,25,85,5.8,1.8,1.8,0.00,0.00,yes,2,1,1
6506,177,LOC102038164,398,125,8.0,-1.7,1.7,0.00,0.01,yes,2,1,1
12324,177,RBP7,11,3,2.8,-1.7,1.7,0.01,0.05,yes,1,1,1
2070,177,COL9A3,128,38,6.4,-1.8,1.8,0.00,0.01,yes,2,1,1
11562,176,PLK1,303,1029,9.4,1.8,1.8,0.01,0.04,yes,2,1,1
2984,176,ECT2,14,4,3.2,-1.8,1.8,0.01,0.04,yes,1,1,1
240,176,ADH5,113,312,7.7,1.5,1.5,0.00,0.00,yes,2,1,1
3851,176,GAL3ST2,6,19,3.6,1.8,1.8,0.00,0.02,yes,1,1,1
7093,176,LOC102041862,81,24,5.7,-1.8,1.8,0.00,0.02,yes,2,1,1
405,176,ALPK1,25,86,5.8,1.8,1.8,0.00,0.02,yes,2,1,1
1394,175,CCDC126,435,1468,9.9,1.8,1.8,0.00,0.00,yes,2,1,1
1874,175,CITED2,13,4,3.1,-1.8,1.8,0.01,0.04,yes,1,1,1
972,175,BAIAP2L1,60,18,5.3,-1.8,1.8,0.00,0.01,yes,2,1,1
1478,175,CCNA2,30,9,4.3,-1.8,1.8,0.01,0.05,yes,1,1,1
8451,175,LOC115948380,859,2889,10.9,1.8,1.8,0.00,0.00,yes,2,1,1
9604,175,MAD2L1,58,137,6.6,1.3,1.3,0.00,0.00,yes,2,1,1
14805,175,TRAK1,65,19,5.4,-1.7,1.7,0.00,0.03,yes,2,1,1
15851,175,ZFAND1,86,287,7.5,1.7,1.7,0.00,0.00,yes,2,1,1
3617,175,FGF18,56,185,6.9,1.7,1.7,0.00,0.00,yes,2,1,1
950,174,B4GALT1,382,114,8.0,-1.7,1.7,0.00,0.00,yes,2,1,1
1320,174,CARD11,228,68,7.2,-1.7,1.7,0.00,0.01,yes,2,1,1
8718,174,LOC115948706,27,12,4.3,-1.1,1.1,0.01,0.04,yes,2,1,1
6459,174,LOC102037853,247,74,7.3,-1.7,1.7,0.00,0.01,yes,2,1,1
15443,174,VAMP1,8,26,4.1,1.7,1.7,0.00,0.00,yes,1,1,1
8269,174,LOC115948145,27,9,4.2,-1.6,1.6,0.00,0.00,yes,1,1,1
11062,174,PAK6,12,39,4.7,1.7,1.7,0.00,0.00,yes,2,1,1
9618,173,MAGI3,104,310,7.7,1.6,1.6,0.00,0.00,yes,2,1,1
13897,173,STAC3,30,9,4.3,-1.7,1.7,0.00,0.01,yes,1,1,1
9971,173,MIS18BP1,115,382,8.0,1.7,1.7,0.00,0.00,yes,2,1,1
14524,173,TMEM156,44,13,4.8,-1.7,1.7,0.00,0.02,yes,2,1,1
10799,173,NSUN6,56,16,5.2,-1.7,1.7,0.00,0.00,yes,2,1,1
2356,173,CUNH17orf58,5,18,3.5,1.7,1.7,0.00,0.02,yes,1,1,1
10450,173,NCS1,6,20,3.7,1.7,1.7,0.00,0.01,yes,1,1,1
13876,173,ST3GAL5,103,31,6.1,-1.7,1.7,0.00,0.01,yes,2,1,1
6725,173,LOC102039514,28,93,5.9,1.7,1.7,0.00,0.00,yes,2,1,1
6141,173,LOC102035897,126,415,8.1,1.7,1.7,0.00,0.00,yes,2,1,1
12561,172,RNF213,41757,12646,14.7,-1.7,1.7,0.00,0.00,yes,2,1,1
14756,172,TPBG,32,105,6.1,1.7,1.7,0.00,0.01,yes,2,1,1
9083,172,LOC115949200,9,30,4.3,1.7,1.7,0.00,0.01,yes,1,1,1
8225,172,LOC115948081,175,575,8.6,1.7,1.7,0.00,0.00,yes,2,1,1
7088,172,LOC102041802,19,6,3.6,-1.7,1.7,0.00,0.01,yes,1,1,1
11183,172,PCYT1B,14,4,3.2,-1.7,1.7,0.00,0.02,yes,1,1,1
1436,171,CCDC50,340,120,7.8,-1.5,1.5,0.01,0.03,yes,2,1,1
7167,171,LOC102042414,18,6,3.6,-1.5,1.5,0.01,0.04,yes,1,1,1
948,171,B4GALNT3,14,4,3.2,-1.7,1.7,0.01,0.04,yes,1,1,1
5021,171,KATNAL1,4,15,3.2,1.7,1.7,0.01,0.04,yes,1,1,1
14688,171,TNFRSF1A,74,23,5.6,-1.7,1.7,0.00,0.01,yes,2,1,1
4768,171,IL15,639,195,8.7,-1.7,1.7,0.00,0.00,yes,2,1,1
1450,171,CCDC77,913,2986,10.9,1.7,1.7,0.00,0.00,yes,2,1,1
6159,171,LOC102035972,56,17,5.2,-1.7,1.7,0.00,0.00,yes,2,1,1
3124,171,ELOVL5,708,2142,10.5,1.6,1.6,0.00,0.00,yes,2,1,1
5826,171,LOC102033681,30,99,6.0,1.7,1.7,0.01,0.04,yes,2,1,1
4226,170,GPX2,19,60,5.3,1.7,1.7,0.00,0.00,yes,2,1,1
1406,170,CCDC157,166,536,8.5,1.7,1.7,0.00,0.00,yes,2,1,1
7244,170,LOC102042962,17,55,5.2,1.7,1.7,0.00,0.01,yes,2,1,1
1814,170,CHPT1,43,14,4.8,-1.7,1.7,0.00,0.03,yes,2,1,1
13988,170,STX3,12,41,4.7,1.7,1.7,0.00,0.00,yes,2,1,1
13369,169,SLC35D2,11,24,4.1,1.2,1.2,0.01,0.03,yes,2,1,1
3743,169,FOXRED2,13,44,4.8,1.7,1.7,0.00,0.00,yes,2,1,1
934,169,B3GALNT1,73,23,5.6,-1.7,1.7,0.00,0.00,yes,2,1,1
9550,169,LSS,53,16,5.1,-1.7,1.7,0.00,0.01,yes,2,1,1
10071,169,MPI,34,14,4.6,-1.2,1.2,0.00,0.02,yes,2,1,1
724,169,ARNTL,103,309,7.7,1.6,1.6,0.00,0.00,yes,2,1,1
12821,169,SAMD12,26,8,4.1,-1.7,1.7,0.00,0.01,yes,1,1,1
14612,169,TMEM43,375,1206,9.6,1.7,1.7,0.00,0.00,yes,2,1,1
15456,169,VAV2,192,60,7.0,-1.7,1.7,0.01,0.05,yes,2,1,1
5421,168,LHPP,31,10,4.4,-1.7,1.7,0.00,0.00,yes,2,1,1
1206,168,C2CD3,321,929,9.3,1.5,1.5,0.00,0.00,yes,2,1,1
3914,168,GC,8,27,4.1,1.7,1.7,0.00,0.02,yes,1,1,1
6241,168,LOC102036423,111,35,6.2,-1.7,1.7,0.00,0.00,yes,2,1,1
13171,168,SIAH2,124,39,6.3,-1.7,1.7,0.00,0.01,yes,2,1,1
14290,168,TELO2,1354,3036,11.1,1.2,1.2,0.00,0.02,yes,2,1,1
15908,168,ZNF277,11,4,2.9,-1.7,1.7,0.00,0.02,yes,1,1,1
1946,167,CLTRN,6,14,3.3,1.4,1.4,0.00,0.02,yes,1,1,1
12544,167,RNF157,9,31,4.3,1.7,1.7,0.00,0.01,yes,1,1,1
13556,167,SMIM13,289,90,7.6,-1.7,1.7,0.00,0.00,yes,2,1,1
3578,167,FCHSD2,26,9,4.1,-1.5,1.5,0.00,0.01,yes,1,1,1
6596,167,LOC102038667,47,18,5.0,-1.4,1.4,0.01,0.05,yes,2,1,1
2601,167,DEK,874,1851,10.4,1.1,1.1,0.00,0.00,yes,2,1,1
2868,167,DRAM1,200,63,7.0,-1.7,1.7,0.00,0.01,yes,2,1,1
12670,167,RPP30,16,5,3.4,-1.7,1.7,0.01,0.03,yes,1,1,1
1509,167,CCSER2,49,15,5.0,-1.7,1.7,0.00,0.01,yes,2,1,1
29,167,ABCB1,69,22,5.5,-1.7,1.7,0.00,0.01,yes,2,1,1
8930,166,LOC115948996,12,39,4.7,1.7,1.7,0.00,0.03,yes,2,1,1
13332,166,SLC29A3,80,25,5.7,-1.7,1.7,0.00,0.01,yes,2,1,1
3367,166,FABP3,371,138,8.0,-1.4,1.4,0.00,0.01,yes,2,1,1
9968,166,MIPEP,73,23,5.6,-1.7,1.7,0.00,0.00,yes,2,1,1
11620,166,PNPLA4,198,63,7.0,-1.7,1.7,0.00,0.00,yes,2,1,1
14249,166,TCP1,1167,2467,10.8,1.1,1.1,0.00,0.03,yes,2,1,1
11527,166,PLD4,594,188,8.6,-1.7,1.7,0.00,0.00,yes,2,1,1
14330,166,TFAP2C,6,16,3.5,1.7,1.7,0.01,0.04,yes,1,1,1
10528,166,NEK8,206,648,8.7,1.7,1.7,0.00,0.00,yes,2,1,1
3364,165,FAAP24,35,11,4.5,-1.7,1.7,0.00,0.01,yes,2,1,1
3332,165,EXOSC7,18,6,3.6,-1.7,1.7,0.00,0.03,yes,1,1,1
11742,165,PPM1H,312,99,7.7,-1.7,1.7,0.00,0.00,yes,2,1,1
1696,165,CEP41,9,28,4.2,1.7,1.7,0.00,0.01,yes,1,1,1
8038,165,LOC115947847,10,3,2.7,-1.6,1.6,0.01,0.04,yes,1,1,1
308,164,AGTPBP1,47,102,6.2,1.1,1.1,0.00,0.01,yes,2,1,1
4754,164,IKBKE,301,96,7.6,-1.6,1.6,0.00,0.01,yes,2,1,1
9531,164,LRTM2,17,52,5.1,1.6,1.6,0.00,0.02,yes,2,1,1
9612,164,MAFB,111,36,6.2,-1.6,1.6,0.00,0.01,yes,2,1,1
10826,164,NUAK1,71,23,5.6,-1.6,1.6,0.00,0.03,yes,2,1,1
1455,164,CCDC84,437,1362,9.8,1.6,1.6,0.00,0.00,yes,2,1,1
7354,164,LOC102043631,4,13,3.1,1.6,1.6,0.01,0.05,yes,1,1,1
8016,164,LOC115947809,977,313,9.3,-1.6,1.6,0.00,0.00,yes,2,1,1
5598,164,LOC102032137,105,326,7.8,1.6,1.6,0.00,0.00,yes,2,1,1
12083,164,PXYLP1,15,6,3.4,-1.4,1.4,0.01,0.05,yes,1,1,1
975,163,BAMBI,1190,3139,11.1,1.4,1.4,0.00,0.01,yes,2,1,1
1195,163,C1QTNF2,20,60,5.3,1.6,1.6,0.00,0.01,yes,2,1,1
13346,163,SLC30A4,131,404,8.1,1.6,1.6,0.00,0.00,yes,2,1,1
13787,163,SPSB1,40,13,4.7,-1.6,1.6,0.00,0.00,yes,2,1,1
4235,163,GRAMD4,106,269,7.6,1.3,1.3,0.00,0.00,yes,2,1,1
10936,163,OMA1,87,28,5.8,-1.6,1.6,0.00,0.00,yes,2,1,1
753,163,ASAP3,21,7,3.8,-1.6,1.6,0.01,0.04,yes,1,1,1
14696,163,TNFSF13B,79,26,5.7,-1.6,1.6,0.00,0.00,yes,2,1,1
12587,162,RNPS1,4528,9546,12.8,1.1,1.1,0.00,0.00,yes,2,1,1
35,162,ABCB8,34,11,4.5,-1.6,1.6,0.00,0.01,yes,2,1,1
116,162,ACLY,346,1064,9.5,1.6,1.6,0.00,0.00,yes,2,1,1
11977,162,PSTPIP1,202,66,7.1,-1.6,1.6,0.00,0.01,yes,2,1,1
13563,162,SMIM30,264,86,7.5,-1.6,1.6,0.00,0.00,yes,2,1,1
11983,162,PTBP3,120,368,7.9,1.6,1.6,0.00,0.00,yes,2,1,1
15819,162,ZCCHC17,204,627,8.7,1.6,1.6,0.00,0.00,yes,2,1,1
8648,161,LOC115948616,20,60,5.3,1.6,1.6,0.00,0.01,yes,2,1,1
1550,161,CD96,74,24,5.6,-1.6,1.6,0.00,0.00,yes,2,1,1
10820,161,NTPCR,160,488,8.3,1.6,1.6,0.00,0.00,yes,2,1,1
12282,161,RBFA,133,328,7.8,1.3,1.3,0.00,0.01,yes,2,1,1
5928,161,LOC102034361,143,47,6.6,-1.6,1.6,0.00,0.03,yes,2,1,1
8388,161,LOC115948301,102,34,6.1,-1.6,1.6,0.00,0.01,yes,2,1,1
15670,161,WRAP53,59,180,6.9,1.6,1.6,0.00,0.01,yes,2,1,1
8044,161,LOC115947855,6,19,3.6,1.6,1.6,0.00,0.00,yes,1,1,1
6895,161,LOC102040516,48,16,5.0,-1.6,1.6,0.00,0.01,yes,2,1,1
1988,161,CNNM2,81,219,7.2,1.4,1.4,0.00,0.00,yes,2,1,1
1073,161,BLNK,165,54,6.8,-1.6,1.6,0.00,0.02,yes,2,1,1
1307,161,CAPN5,62,20,5.4,-1.6,1.6,0.00,0.01,yes,2,1,1
274,160,AFAP1L2,26,9,4.1,-1.6,1.6,0.01,0.03,yes,1,1,1
14751,160,TP53I11,232,76,7.3,-1.6,1.6,0.00,0.00,yes,2,1,1
14127,160,TAF1C,354,1069,9.5,1.6,1.6,0.00,0.00,yes,2,1,1
14300,159,TENT5B,38,113,6.2,1.6,1.6,0.00,0.00,yes,2,1,1
5910,159,LOC102034257,2885,8680,12.5,1.6,1.6,0.00,0.00,yes,2,1,1
12579,159,RNFT2,14,42,4.8,1.6,1.6,0.00,0.00,yes,2,1,1
13838,158,SRRM3,32,94,6.0,1.6,1.6,0.00,0.00,yes,2,1,1
5275,158,KLHL8,121,40,6.3,-1.6,1.6,0.00,0.01,yes,2,1,1
6359,158,LOC102037191,440,150,8.2,-1.6,1.6,0.00,0.02,yes,2,1,1
7648,158,LOC102045397,28,83,5.8,1.6,1.6,0.00,0.00,yes,2,1,1
11828,158,PREPL,14,5,3.2,-1.6,1.6,0.01,0.04,yes,1,1,1
4309,158,GSTZ1,156,52,6.7,-1.6,1.6,0.00,0.00,yes,2,1,1
9908,158,MFSD14B,4072,1361,11.4,-1.6,1.6,0.00,0.00,yes,2,1,1
15467,158,VEGFA,24,53,5.3,1.2,1.2,0.01,0.05,yes,2,1,1
5405,158,LGALS2,80,27,5.7,-1.6,1.6,0.00,0.00,yes,2,1,1
8080,158,LOC115947899,8,23,4.0,1.6,1.6,0.00,0.02,yes,1,1,1
10065,158,MPEG1,198,66,7.0,-1.6,1.6,0.00,0.03,yes,2,1,1
9072,158,LOC115949187,91,269,7.5,1.6,1.6,0.00,0.00,yes,2,1,1
13203,158,SKAP1,231,78,7.3,-1.6,1.6,0.00,0.00,yes,2,1,1
4233,157,GRAMD2A,29,10,4.3,-1.6,1.6,0.00,0.01,yes,2,1,1
6349,157,LOC102037116,50,149,6.6,1.6,1.6,0.00,0.01,yes,2,1,1
7912,157,LOC115947683,27,80,5.7,1.6,1.6,0.00,0.00,yes,2,1,1
10242,157,MTR,56,18,5.2,-1.6,1.6,0.00,0.01,yes,2,1,1
10647,157,NME5,600,260,8.7,-1.2,1.2,0.00,0.00,yes,2,1,1
11865,157,PRKX,53,18,5.1,-1.6,1.6,0.00,0.02,yes,2,1,1
14310,157,TES,90,30,5.9,-1.6,1.6,0.00,0.01,yes,2,1,1
11445,157,PINX1,34,12,4.5,-1.6,1.6,0.00,0.01,yes,2,1,1
1947,157,CLUAP1,19,6,3.6,-1.6,1.6,0.00,0.03,yes,1,1,1
2966,157,EBAG9,390,132,8.0,-1.6,1.6,0.00,0.00,yes,2,1,1
10560,157,NFATC1,97,33,6.0,-1.6,1.6,0.00,0.03,yes,2,1,1
2322,157,CUNH11orf49,12,4,3.0,-1.6,1.6,0.00,0.02,yes,1,1,1
7564,157,LOC102044934,14,38,4.7,1.4,1.4,0.00,0.02,yes,2,1,1
8839,156,LOC115948857,8,25,4.0,1.6,1.6,0.00,0.01,yes,1,1,1
9975,156,MKI67,68,23,5.5,-1.6,1.6,0.01,0.04,yes,2,1,1
14197,156,TBCD,40,13,4.7,-1.6,1.6,0.00,0.01,yes,2,1,1
11924,156,PRXL2C,132,338,7.9,1.4,1.4,0.00,0.00,yes,2,1,1
531,156,ANXA1,1296,547,9.8,-1.2,1.2,0.00,0.02,yes,2,1,1
1208,156,C3AR1,61,21,5.4,-1.6,1.6,0.00,0.02,yes,2,1,1
9708,156,MARCHF1,113,38,6.2,-1.6,1.6,0.00,0.01,yes,2,1,1
4815,156,IMPACT,38,12,4.6,-1.6,1.6,0.00,0.00,yes,2,1,1
10292,156,MYD88,185,63,7.0,-1.6,1.6,0.00,0.00,yes,2,1,1
1486,156,CCNE1,24,8,4.0,-1.6,1.6,0.00,0.01,yes,1,1,1
3288,155,ETFBKMT,1471,713,10.1,-1.0,1.0,0.00,0.03,yes,2,1,1
6064,155,LOC102035272,236,80,7.3,-1.6,1.6,0.00,0.00,yes,2,1,1
9450,155,LRIG1,126,46,6.4,-1.5,1.5,0.00,0.03,yes,2,1,1
10370,155,NAA35,504,1095,9.6,1.1,1.1,0.00,0.00,yes,2,1,1
8203,155,LOC115948042,33,11,4.5,-1.6,1.6,0.00,0.02,yes,2,1,1
6199,155,LOC102036181,4652,13623,13.2,1.6,1.6,0.00,0.00,yes,2,1,1
6483,155,LOC102038020,63,22,5.4,-1.5,1.5,0.00,0.01,yes,2,1,1
14339,155,TFEB,137,47,6.5,-1.5,1.5,0.00,0.01,yes,2,1,1
2000,155,CNP,322,110,7.8,-1.5,1.5,0.00,0.01,yes,2,1,1
7389,155,LOC102043912,23,67,5.5,1.5,1.5,0.00,0.03,yes,2,1,1
4025,154,GLB1,47,16,5.0,-1.5,1.5,0.00,0.01,yes,2,1,1
2341,154,CUNH12orf75,82,32,5.8,-1.4,1.4,0.00,0.01,yes,2,1,1
9191,154,LOC115949323,4392,12767,13.1,1.5,1.5,0.00,0.00,yes,2,1,1
10408,154,NAV3,39,14,4.7,-1.5,1.5,0.00,0.01,yes,2,1,1
2458,154,CYFIP2,538,186,8.5,-1.5,1.5,0.00,0.02,yes,2,1,1
5313,154,L3HYPDH,18,49,5.1,1.5,1.5,0.00,0.00,yes,2,1,1
12056,154,PTTG1,398,1154,9.6,1.5,1.5,0.00,0.00,yes,2,1,1
10919,154,OGFR,10529,3634,12.8,-1.5,1.5,0.00,0.00,yes,2,1,1
15550,154,VWA8,67,28,5.6,-1.3,1.3,0.00,0.01,yes,2,1,1
5835,153,LOC102033748,29,84,5.8,1.5,1.5,0.00,0.00,yes,2,1,1
14102,153,SYTL4,70,24,5.6,-1.5,1.5,0.00,0.00,yes,2,1,1
15491,153,VPREB3,96,276,7.5,1.5,1.5,0.00,0.00,yes,2,1,1
1533,153,CD40,112,39,6.2,-1.5,1.5,0.00,0.01,yes,2,1,1
1447,153,CCDC69,66,23,5.5,-1.5,1.5,0.01,0.05,yes,2,1,1
12730,153,RRNAD1,360,1036,9.4,1.5,1.5,0.00,0.00,yes,2,1,1
8089,152,LOC115947908,73,210,7.1,1.5,1.5,0.00,0.00,yes,2,1,1
12374,152,REPS2,376,976,9.4,1.4,1.4,0.00,0.02,yes,2,1,1
1289,152,CAMKK2,335,117,7.8,-1.5,1.5,0.00,0.01,yes,2,1,1
13804,152,SRBD1,15,34,4.6,1.2,1.2,0.01,0.04,yes,2,1,1
1706,152,CEP83,38,13,4.7,-1.5,1.5,0.00,0.02,yes,2,1,1
8113,152,LOC115947935,28,77,5.7,1.5,1.5,0.00,0.00,yes,2,1,1
15578,152,WDFY3,153,53,6.7,-1.5,1.5,0.00,0.02,yes,2,1,1
14767,152,TPK1,13,5,3.2,-1.5,1.5,0.00,0.02,yes,1,1,1
6887,152,LOC102040476,78,27,5.7,-1.5,1.5,0.00,0.00,yes,2,1,1
2844,151,DPH3,654,229,8.8,-1.5,1.5,0.00,0.00,yes,2,1,1
11726,151,PPIF,107,37,6.2,-1.5,1.5,0.00,0.00,yes,2,1,1
3387,151,FAM117B,43,15,4.9,-1.5,1.5,0.01,0.04,yes,2,1,1
10147,151,MRPS2,1161,3309,11.1,1.5,1.5,0.00,0.00,yes,2,1,1
5106,151,KCTD17,54,19,5.2,-1.5,1.5,0.00,0.03,yes,2,1,1
15117,151,TSPOAP1,108,50,6.3,-1.1,1.1,0.00,0.01,yes,2,1,1
5710,151,LOC102032919,1344,472,9.8,-1.5,1.5,0.00,0.00,yes,2,1,1
846,151,ATP1A1,748,263,9.0,-1.5,1.5,0.00,0.00,yes,2,1,1
4532,150,HNF1A,5,13,3.2,1.4,1.4,0.01,0.04,yes,1,1,1
4952,150,ITK,124,44,6.4,-1.5,1.5,0.01,0.04,yes,2,1,1
9924,150,MGAT5,392,1110,9.6,1.5,1.5,0.00,0.00,yes,2,1,1
8430,150,LOC115948356,1074,3039,11.0,1.5,1.5,0.00,0.02,yes,2,1,1
6,150,AADAT,23,8,4.0,-1.5,1.5,0.00,0.02,yes,1,1,1
1679,150,CEP112,71,25,5.6,-1.5,1.5,0.00,0.00,yes,2,1,1
1272,150,CALHM2,116,41,6.3,-1.5,1.5,0.01,0.03,yes,2,1,1
6123,150,LOC102035791,128,361,7.9,1.5,1.5,0.00,0.00,yes,2,1,1
9679,150,MAP3K8,215,86,7.2,-1.3,1.3,0.00,0.02,yes,2,1,1
14754,150,TP53RK,14,5,3.2,-1.4,1.4,0.01,0.04,yes,1,1,1
8596,150,LOC115948554,14,33,4.6,1.3,1.3,0.00,0.02,yes,2,1,1
13049,150,SETD4,40,14,4.8,-1.5,1.5,0.00,0.01,yes,2,1,1
10092,149,MRE11,152,426,8.2,1.5,1.5,0.00,0.00,yes,2,1,1
855,149,ATP2B4,658,234,8.8,-1.5,1.5,0.00,0.01,yes,2,1,1
3853,149,GALE,506,1419,9.9,1.5,1.5,0.00,0.00,yes,2,1,1
14800,149,TRAF5,306,109,7.7,-1.5,1.5,0.00,0.00,yes,2,1,1
1341,149,CASP7,193,69,7.0,-1.5,1.5,0.00,0.01,yes,2,1,1
2965,148,EARS2,92,259,7.5,1.5,1.5,0.00,0.00,yes,2,1,1
6848,148,LOC102040232,193,96,7.2,-1.0,1.0,0.01,0.03,yes,2,1,1
12310,148,RBM47,118,45,6.3,-1.4,1.4,0.01,0.04,yes,2,1,1
8534,148,LOC115948482,30,83,5.8,1.5,1.5,0.00,0.01,yes,2,1,1
539,148,ANXA7,38,78,5.9,1.0,1.0,0.00,0.02,yes,2,1,1
402,148,ALMS1,25,71,5.6,1.5,1.5,0.00,0.00,yes,2,1,1
13207,148,SKIL,76,28,5.7,-1.5,1.5,0.00,0.00,yes,2,1,1
4700,147,IFIH1,1525,549,10.0,-1.5,1.5,0.00,0.00,yes,2,1,1
11027,147,P2RY8,148,53,6.7,-1.5,1.5,0.00,0.01,yes,2,1,1
300,147,AGPAT4,30,11,4.4,-1.5,1.5,0.00,0.02,yes,2,1,1
13302,147,SLC25A33,333,924,9.3,1.5,1.5,0.00,0.00,yes,2,1,1
6231,147,LOC102036349,76,35,5.8,-1.1,1.1,0.01,0.03,yes,2,1,1
3159,147,ENDOV,168,60,6.8,-1.5,1.5,0.00,0.01,yes,2,1,1
12104,147,R3HCC1L,94,233,7.4,1.3,1.3,0.00,0.00,yes,2,1,1
12464,147,RHOH,53,19,5.2,-1.5,1.5,0.01,0.04,yes,2,1,1
1863,147,CIITA,96,35,6.0,-1.5,1.5,0.00,0.01,yes,2,1,1
8297,147,LOC115948179,2118,5852,12.0,1.5,1.5,0.00,0.01,yes,2,1,1
15281,147,UBL3,419,151,8.2,-1.5,1.5,0.00,0.00,yes,2,1,1
2264,147,CTBS,136,50,6.5,-1.5,1.5,0.00,0.00,yes,2,1,1
4448,147,HERC3,186,67,7.0,-1.5,1.5,0.00,0.00,yes,2,1,1
6739,147,LOC102039628,63,29,5.5,-1.1,1.1,0.00,0.02,yes,2,1,1
10112,147,MRPL23,20,7,3.8,-1.5,1.5,0.00,0.02,yes,1,1,1
10671,147,NOD1,74,27,5.7,-1.5,1.5,0.00,0.03,yes,2,1,1
3294,147,ETS1,210,76,7.2,-1.5,1.5,0.01,0.04,yes,2,1,1
12497,146,RIPK2,139,50,6.6,-1.5,1.5,0.00,0.00,yes,2,1,1
14866,146,TRMT1,35,95,6.0,1.5,1.5,0.01,0.04,yes,2,1,1
13758,146,SPICE1,80,29,5.8,-1.5,1.5,0.00,0.00,yes,2,1,1
13791,146,SPTBN1,582,212,8.6,-1.5,1.5,0.00,0.03,yes,2,1,1
2179,146,CREB3L2,188,80,7.1,-1.2,1.2,0.00,0.00,yes,2,1,1
7083,146,LOC102041766,63,172,6.9,1.5,1.5,0.00,0.00,yes,2,1,1
2222,146,CRYGN,28,76,5.7,1.5,1.5,0.00,0.00,yes,2,1,1
12080,146,PXK,944,344,9.3,-1.5,1.5,0.00,0.00,yes,2,1,1
14786,146,TPX2,2498,6858,12.2,1.5,1.5,0.00,0.00,yes,2,1,1
4695,146,IDS,58,21,5.3,-1.5,1.5,0.00,0.00,yes,2,1,1
15829,145,ZDHHC12,233,637,8.8,1.5,1.5,0.00,0.00,yes,2,1,1
10361,145,N4BP2L1,818,299,9.1,-1.5,1.5,0.00,0.00,yes,2,1,1
13292,145,SLC25A22,86,32,5.9,-1.5,1.5,0.00,0.01,yes,2,1,1
9429,145,LPAR5,25,9,4.1,-1.4,1.4,0.01,0.04,yes,1,1,1
2841,145,DPF3,45,16,4.9,-1.4,1.4,0.00,0.01,yes,2,1,1
5417,144,LHFPL2,61,22,5.4,-1.4,1.4,0.00,0.00,yes,2,1,1
9765,144,MCCC2,21,10,4.0,-1.2,1.2,0.01,0.04,yes,2,1,1
11407,144,PIGK,78,32,5.8,-1.3,1.3,0.00,0.03,yes,2,1,1
13816,144,SRGAP1,30,11,4.4,-1.4,1.4,0.01,0.04,yes,2,1,1
14150,144,TANC2,41,15,4.8,-1.4,1.4,0.01,0.04,yes,2,1,1
2895,144,DTD2,63,23,5.4,-1.4,1.4,0.00,0.03,yes,2,1,1
10807,144,NT5DC2,381,1034,9.5,1.4,1.4,0.00,0.02,yes,2,1,1
15948,144,ZNF593,519,192,8.5,-1.4,1.4,0.00,0.00,yes,2,1,1
11723,144,PPIC,175,64,6.9,-1.4,1.4,0.00,0.00,yes,2,1,1
1507,144,CCSAP,4,12,3.0,1.4,1.4,0.01,0.03,yes,1,1,1
1612,144,CDK14,34,12,4.5,-1.4,1.4,0.01,0.04,yes,2,1,1
3254,144,ERICH6,37,14,4.7,-1.4,1.4,0.01,0.04,yes,2,1,1
954,143,B4GALT5,118,50,6.4,-1.3,1.3,0.01,0.04,yes,2,1,1
7599,143,LOC102045091,153,64,6.8,-1.2,1.2,0.00,0.00,yes,2,1,1
12002,143,PTGR1,468,201,8.4,-1.2,1.2,0.00,0.01,yes,2,1,1
13341,143,SLC2A6,286,106,7.6,-1.4,1.4,0.00,0.02,yes,2,1,1
1665,143,CENPF,6,16,3.5,1.4,1.4,0.01,0.04,yes,1,1,1
3405,143,FAM149B1,40,15,4.8,-1.4,1.4,0.00,0.01,yes,2,1,1
15328,143,UHRF1BP1L,81,30,5.8,-1.4,1.4,0.00,0.00,yes,2,1,1
6513,143,LOC102038195,287,112,7.6,-1.3,1.3,0.00,0.03,yes,2,1,1
14475,143,TMCO4,66,179,6.9,1.4,1.4,0.00,0.00,yes,2,1,1
15911,143,ZNF292,406,1002,9.5,1.3,1.3,0.00,0.00,yes,2,1,1
14834,143,TRIM13,70,28,5.6,-1.3,1.3,0.00,0.02,yes,2,1,1
11637,143,POGLUT3,50,19,5.1,-1.4,1.4,0.00,0.00,yes,2,1,1
1007,143,BCCIP,253,94,7.4,-1.4,1.4,0.00,0.00,yes,2,1,1
1557,143,CDC14B,2030,4570,11.7,1.2,1.2,0.00,0.00,yes,2,1,1
9701,143,MAPKAPK2,452,209,8.4,-1.1,1.1,0.00,0.01,yes,2,1,1
14059,143,SYK,207,77,7.1,-1.4,1.4,0.00,0.02,yes,2,1,1
3072,142,EIF3D,9548,25607,14.1,1.4,1.4,0.00,0.00,yes,2,1,1
6736,142,LOC102039624,312,116,7.7,-1.4,1.4,0.01,0.03,yes,2,1,1
36,142,ABCB9,162,433,8.2,1.4,1.4,0.00,0.00,yes,2,1,1
10772,142,NRK,1134,423,9.6,-1.4,1.4,0.00,0.02,yes,2,1,1
10243,142,MTRES1,70,26,5.6,-1.4,1.4,0.00,0.00,yes,2,1,1
15260,142,UBE2J1,1822,680,10.3,-1.4,1.4,0.00,0.00,yes,2,1,1
7175,142,LOC102042481,2673,1077,10.9,-1.3,1.3,0.00,0.00,yes,2,1,1
15357,142,UPB1,85,38,5.9,-1.2,1.2,0.00,0.03,yes,2,1,1
4960,142,ITPR1,238,89,7.4,-1.4,1.4,0.00,0.01,yes,2,1,1
8650,142,LOC115948620,38,88,6.0,1.2,1.2,0.00,0.01,yes,2,1,1
1948,142,CLUH,2171,4997,11.8,1.2,1.2,0.00,0.00,yes,2,1,1
5635,142,LOC102032428,184,69,7.0,-1.4,1.4,0.00,0.00,yes,2,1,1
10805,142,NT5C3B,2559,1203,10.9,-1.1,1.1,0.00,0.00,yes,2,1,1
2485,142,DALRD3,645,1720,10.2,1.4,1.4,0.00,0.00,yes,2,1,1
10423,142,NCAPG,54,20,5.2,-1.4,1.4,0.00,0.03,yes,2,1,1
14799,142,TRAF4,158,420,8.2,1.4,1.4,0.00,0.00,yes,2,1,1
4,141,AAAS,35,13,4.6,-1.4,1.4,0.00,0.02,yes,2,1,1
6747,141,LOC102039667,869,2314,10.6,1.4,1.4,0.00,0.00,yes,2,1,1
9683,141,MAP4K5,313,751,9.1,1.3,1.3,0.00,0.00,yes,2,1,1
11586,141,PLTP,13,33,4.5,1.4,1.4,0.00,0.01,yes,2,1,1
2815,141,DOCK10,194,73,7.1,-1.4,1.4,0.00,0.02,yes,2,1,1
5189,141,KIF20A,17,46,5.0,1.4,1.4,0.00,0.01,yes,2,1,1
8961,141,LOC115949038,27,64,5.5,1.2,1.2,0.01,0.04,yes,2,1,1
10841,141,NUDT14,34,13,4.6,-1.4,1.4,0.00,0.01,yes,2,1,1
2626,141,DERA,27,10,4.2,-1.4,1.4,0.01,0.03,yes,2,1,1
3824,141,GABARAPL1,153,406,8.1,1.4,1.4,0.00,0.00,yes,2,1,1
6873,141,LOC102040365,29,11,4.3,-1.4,1.4,0.01,0.04,yes,2,1,1
1877,141,CKAP2L,1910,5064,11.8,1.4,1.4,0.00,0.00,yes,2,1,1
2110,141,COQ4,237,629,8.8,1.4,1.4,0.00,0.00,yes,2,1,1
12366,141,RELL1,354,134,7.9,-1.4,1.4,0.00,0.00,yes,2,1,1
12457,140,RHOB,1282,3390,11.2,1.4,1.4,0.00,0.00,yes,2,1,1
590,140,APOOL,56,147,6.7,1.4,1.4,0.00,0.00,yes,2,1,1
6884,140,LOC102040416,71,188,7.0,1.4,1.4,0.00,0.00,yes,2,1,1
2799,140,DNASE2B,612,232,8.7,-1.4,1.4,0.00,0.00,yes,2,1,1
1609,140,CDK10,10366,27362,14.2,1.4,1.4,0.00,0.00,yes,2,1,1
1479,140,CCNB2,330,869,9.2,1.4,1.4,0.00,0.00,yes,2,1,1
3907,140,GATD1,32,12,4.5,-1.4,1.4,0.00,0.01,yes,2,1,1
4063,140,GMDS,56,21,5.3,-1.4,1.4,0.00,0.02,yes,2,1,1
6300,140,LOC102036817,32,12,4.5,-1.4,1.4,0.00,0.02,yes,2,1,1
2487,140,DAP,242,92,7.4,-1.4,1.4,0.00,0.00,yes,2,1,1
9521,140,LRRK2,194,74,7.1,-1.4,1.4,0.01,0.03,yes,2,1,1
9645,140,MANBAL,21,8,3.9,-1.4,1.4,0.01,0.04,yes,1,1,1
5231,140,KLF7,59,23,5.4,-1.4,1.4,0.01,0.04,yes,2,1,1
6586,140,LOC102038614,93,39,6.0,-1.2,1.2,0.00,0.01,yes,2,1,1
3935,139,GDA,47,18,5.0,-1.4,1.4,0.00,0.02,yes,2,1,1
14827,139,TRH,31,82,5.8,1.4,1.4,0.00,0.00,yes,2,1,1
15071,139,TRPM7,148,56,6.7,-1.4,1.4,0.00,0.01,yes,2,1,1
11068,139,PAM,418,173,8.2,-1.3,1.3,0.00,0.02,yes,2,1,1
10806,139,NT5DC1,179,75,7.0,-1.3,1.3,0.00,0.00,yes,2,1,1
14418,138,TINAGL1,802,383,9.2,-1.1,1.1,0.00,0.02,yes,2,1,1
14755,138,TP73,38,15,4.7,-1.3,1.3,0.01,0.05,yes,2,1,1
7458,138,LOC102044337,42,110,6.2,1.4,1.4,0.00,0.00,yes,2,1,1
13237,138,SLC16A10,48,18,5.0,-1.4,1.4,0.00,0.02,yes,2,1,1
10638,138,NLGN3,56,144,6.6,1.4,1.4,0.00,0.00,yes,2,1,1
1966,138,CMTR1,19318,7416,13.7,-1.4,1.4,0.00,0.00,yes,2,1,1
10920,138,OGFRL1,98,38,6.1,-1.4,1.4,0.01,0.05,yes,2,1,1
13793,138,SPTBN5,26,67,5.5,1.4,1.4,0.00,0.03,yes,2,1,1
14809,138,TRANK1,10352,3976,12.8,-1.4,1.4,0.00,0.00,yes,2,1,1
11127,138,PBDC1,254,660,8.8,1.4,1.4,0.00,0.01,yes,2,1,1
3413,138,FAM161B,505,1310,9.8,1.4,1.4,0.00,0.00,yes,2,1,1
9510,138,LRRC75A,52,20,5.2,-1.4,1.4,0.00,0.02,yes,2,1,1
12689,138,RPS20,3786,9833,12.7,1.4,1.4,0.00,0.00,yes,2,1,1
920,138,AUH,61,24,5.4,-1.4,1.4,0.00,0.00,yes,2,1,1
4964,137,ITPRIP,149,58,6.7,-1.4,1.4,0.00,0.00,yes,2,1,1
10001,137,MLST8,342,885,9.3,1.4,1.4,0.00,0.00,yes,2,1,1
13910,137,STARD5,114,44,6.3,-1.4,1.4,0.00,0.00,yes,2,1,1
4394,137,HCK,573,257,8.7,-1.2,1.2,0.01,0.05,yes,2,1,1
14598,137,TMEM273,95,37,6.0,-1.4,1.4,0.00,0.00,yes,2,1,1
3504,137,FAS,152,70,6.8,-1.1,1.1,0.01,0.03,yes,2,1,1
7821,137,LOC106632142,2929,7560,12.4,1.4,1.4,0.00,0.00,yes,2,1,1
11927,137,PSD,54,140,6.6,1.4,1.4,0.00,0.00,yes,2,1,1
4699,137,IFI30,1264,523,9.8,-1.3,1.3,0.01,0.04,yes,2,1,1
9549,137,LSP1,1154,448,9.6,-1.4,1.4,0.00,0.01,yes,2,1,1
5731,136,LOC102033028,106,41,6.2,-1.4,1.4,0.01,0.05,yes,2,1,1
7679,136,LOC102045602,75,29,5.7,-1.4,1.4,0.00,0.02,yes,2,1,1
15165,136,TTLL5,71,181,7.0,1.4,1.4,0.00,0.00,yes,2,1,1
2131,136,CPEB3,89,228,7.3,1.4,1.4,0.00,0.00,yes,2,1,1
4425,136,HEBP1,749,1761,10.3,1.2,1.2,0.01,0.04,yes,2,1,1
11202,136,PDE12,2477,6352,12.1,1.4,1.4,0.00,0.00,yes,2,1,1
10537,136,NEMP2,156,61,6.8,-1.4,1.4,0.00,0.00,yes,2,1,1
6776,136,LOC102039817,1917,4909,11.7,1.4,1.4,0.00,0.00,yes,2,1,1
7103,136,LOC102041902,996,2482,10.8,1.3,1.3,0.00,0.00,yes,2,1,1
12900,136,SCNN1G,281,717,9.0,1.4,1.4,0.00,0.00,yes,2,1,1
14353,136,TGFBR2,135,53,6.6,-1.4,1.4,0.00,0.02,yes,2,1,1
14698,136,TNFSF4,30,77,5.7,1.4,1.4,0.00,0.01,yes,2,1,1
10838,136,NUDT1,20,8,3.8,-1.4,1.4,0.00,0.03,yes,1,1,1
12447,136,RHBDF1,80,31,5.8,-1.4,1.4,0.00,0.02,yes,2,1,1
14063,136,SYNC,99,39,6.1,-1.4,1.4,0.01,0.04,yes,2,1,1
1483,135,CCND2,50,20,5.1,-1.4,1.4,0.00,0.02,yes,2,1,1
1534,135,CD40LG,80,31,5.8,-1.4,1.4,0.01,0.03,yes,2,1,1
7385,135,LOC102043873,706,1801,10.3,1.4,1.4,0.00,0.01,yes,2,1,1
2606,135,DENND1B,364,143,8.0,-1.4,1.4,0.00,0.02,yes,2,1,1
8184,135,LOC115948022,27,69,5.6,1.4,1.4,0.00,0.01,yes,2,1,1
11766,135,PPP1R3D,42,17,4.9,-1.2,1.2,0.00,0.01,yes,2,1,1
13515,135,SLX4IP,530,208,8.5,-1.4,1.4,0.00,0.00,yes,2,1,1
10512,135,NEDD9,151,60,6.7,-1.4,1.4,0.00,0.02,yes,2,1,1
3132,135,EMB,142,56,6.6,-1.3,1.3,0.00,0.02,yes,2,1,1
4110,134,GOLGA7B,242,616,8.7,1.3,1.3,0.00,0.01,yes,2,1,1
5316,134,L3MBTL3,158,62,6.8,-1.3,1.3,0.00,0.01,yes,2,1,1
12039,134,PTPRE,130,51,6.5,-1.3,1.3,0.00,0.02,yes,2,1,1
13610,134,SNED1,57,24,5.3,-1.2,1.2,0.01,0.04,yes,2,1,1
12037,134,PTPRC,1848,730,10.3,-1.3,1.3,0.00,0.01,yes,2,1,1
255,134,ADPRH,656,262,8.8,-1.3,1.3,0.00,0.00,yes,2,1,1
1220,134,CA5A,44,18,5.0,-1.3,1.3,0.00,0.03,yes,2,1,1
14909,134,TRNAC-GCA-9,24,59,5.4,1.3,1.3,0.00,0.01,yes,2,1,1
9184,134,LOC115949315,82,206,7.2,1.3,1.3,0.00,0.00,yes,2,1,1
14646,134,TMEM97,117,293,7.7,1.3,1.3,0.00,0.00,yes,2,1,1
3045,134,EGR1,636,1603,10.1,1.3,1.3,0.00,0.00,yes,2,1,1
10745,134,NR2C2AP,32,12,4.5,-1.3,1.3,0.00,0.03,yes,2,1,1
15310,134,UCK2,39,16,4.8,-1.3,1.3,0.00,0.02,yes,2,1,1
9564,133,LUZP1,163,64,6.8,-1.3,1.3,0.00,0.00,yes,2,1,1
11084,133,PAPSS2,24,61,5.4,1.3,1.3,0.00,0.00,yes,2,1,1
2429,133,CUNH8orf37,73,30,5.7,-1.3,1.3,0.00,0.00,yes,2,1,1
2733,133,DMAC2L,412,1032,9.5,1.3,1.3,0.00,0.00,yes,2,1,1
2975,133,ECHDC2,66,26,5.5,-1.3,1.3,0.00,0.00,yes,2,1,1
9823,132,MED18,130,53,6.5,-1.3,1.3,0.00,0.00,yes,2,1,1
11770,132,PPP1R9A,168,67,6.9,-1.3,1.3,0.00,0.02,yes,2,1,1
947,132,B3GNTL1,28,12,4.3,-1.3,1.3,0.01,0.05,yes,2,1,1
14623,132,TMEM60,72,179,7.0,1.3,1.3,0.00,0.00,yes,2,1,1
9902,132,MFSD1,14811,36944,14.7,1.3,1.3,0.00,0.00,yes,2,1,1
9921,132,MGAT4B,153,62,6.7,-1.3,1.3,0.00,0.01,yes,2,1,1
9001,131,LOC115949088,80,200,7.1,1.3,1.3,0.00,0.03,yes,2,1,1
2692,131,DIPK1B,142,57,6.6,-1.3,1.3,0.01,0.03,yes,2,1,1
10222,131,MTIF2,973,2418,10.7,1.3,1.3,0.00,0.00,yes,2,1,1
15472,131,VEZT,194,460,8.4,1.2,1.2,0.00,0.00,yes,2,1,1
430,131,AMN1,2666,1073,10.9,-1.3,1.3,0.00,0.00,yes,2,1,1
14795,131,TRAF3,95,42,6.1,-1.2,1.2,0.01,0.04,yes,2,1,1
10478,131,NDUFAF2,12,29,4.4,1.3,1.3,0.00,0.01,yes,2,1,1
7388,131,LOC102043904,842,340,9.2,-1.3,1.3,0.01,0.04,yes,2,1,1
8743,131,LOC115948740,11,27,4.2,1.3,1.3,0.01,0.04,yes,2,1,1
4237,131,GRAP2,72,29,5.7,-1.3,1.3,0.01,0.05,yes,2,1,1
7320,131,LOC102043391,68,28,5.6,-1.3,1.3,0.00,0.01,yes,2,1,1
11502,131,PLAGL1,23,11,4.1,-1.2,1.2,0.01,0.04,yes,2,1,1
9108,130,LOC115949230,21,52,5.2,1.3,1.3,0.00,0.02,yes,2,1,1
7146,130,LOC102042235,20,48,5.1,1.3,1.3,0.01,0.03,yes,2,1,1
13908,130,STARD3NL,42,18,4.9,-1.3,1.3,0.01,0.04,yes,2,1,1
1030,130,BCR,66,27,5.5,-1.3,1.3,0.01,0.04,yes,2,1,1
4935,130,ITGA4,1118,477,9.6,-1.2,1.2,0.00,0.02,yes,2,1,1
11715,130,PPFIA1,110,45,6.3,-1.3,1.3,0.00,0.03,yes,2,1,1
675,130,ARHGEF5,51,21,5.2,-1.3,1.3,0.01,0.05,yes,2,1,1
10884,130,NXPE3,748,304,9.0,-1.3,1.3,0.00,0.00,yes,2,1,1
3860,130,GALNT11,76,30,5.7,-1.3,1.3,0.01,0.04,yes,2,1,1
14394,130,TIA1,194,86,7.1,-1.2,1.2,0.00,0.00,yes,2,1,1
1459,129,CCDC88A,210,86,7.2,-1.3,1.3,0.00,0.01,yes,2,1,1
11481,129,PKN3,34,14,4.6,-1.3,1.3,0.00,0.03,yes,2,1,1
2205,129,CROT,50,20,5.1,-1.3,1.3,0.00,0.03,yes,2,1,1
942,129,B3GNT2,184,86,7.1,-1.1,1.1,0.01,0.04,yes,2,1,1
1143,129,BRMS1L,535,1309,9.8,1.3,1.3,0.00,0.00,yes,2,1,1
2566,129,DDR2,99,242,7.4,1.3,1.3,0.00,0.00,yes,2,1,1
14060,129,SYMPK,62,152,6.7,1.3,1.3,0.00,0.00,yes,2,1,1
11095,129,PARK7,165,67,6.9,-1.3,1.3,0.00,0.01,yes,2,1,1
222,129,ADD3,930,382,9.4,-1.3,1.3,0.00,0.02,yes,2,1,1
7532,129,LOC102044717,1131,464,9.6,-1.3,1.3,0.00,0.00,yes,2,1,1
388,128,ALG2,54,22,5.2,-1.3,1.3,0.00,0.01,yes,2,1,1
4099,128,GNPNAT1,40,17,4.8,-1.2,1.2,0.00,0.02,yes,2,1,1
4404,128,HDAC3,3369,8198,12.5,1.3,1.3,0.00,0.00,yes,2,1,1
12291,128,RBM15,52,128,6.5,1.3,1.3,0.00,0.00,yes,2,1,1
645,128,ARHGAP30,84,35,5.9,-1.3,1.3,0.01,0.05,yes,2,1,1
11256,128,PDXK,584,240,8.7,-1.3,1.3,0.00,0.01,yes,2,1,1
6762,128,LOC102039747,43,18,4.9,-1.3,1.3,0.00,0.02,yes,2,1,1
13579,128,SMPD4,106,257,7.5,1.3,1.3,0.00,0.00,yes,2,1,1
15828,128,ZDHHC1,50,21,5.1,-1.3,1.3,0.00,0.01,yes,2,1,1
4885,128,IQCB1,245,101,7.4,-1.3,1.3,0.00,0.01,yes,2,1,1
10554,128,NEXN,9,22,4.0,1.3,1.3,0.00,0.03,yes,1,1,1
8845,127,LOC115948863,117,48,6.4,-1.3,1.3,0.00,0.02,yes,2,1,1
541,127,AOAH,202,84,7.2,-1.3,1.3,0.00,0.01,yes,2,1,1
10005,127,MLYCD,213,512,8.5,1.3,1.3,0.00,0.00,yes,2,1,1
4149,127,GPD1L,136,57,6.6,-1.3,1.3,0.00,0.01,yes,2,1,1
15116,127,TSPO,122,51,6.4,-1.3,1.3,0.00,0.00,yes,2,1,1
6189,127,LOC102036135,153,369,8.0,1.3,1.3,0.00,0.02,yes,2,1,1
10223,127,MTIF3,266,110,7.6,-1.3,1.3,0.00,0.00,yes,2,1,1
15681,127,WWC1,70,29,5.6,-1.3,1.3,0.00,0.01,yes,2,1,1
9877,127,METTL23,244,588,8.7,1.3,1.3,0.00,0.01,yes,2,1,1
10781,127,NSD2,54,111,6.4,1.1,1.1,0.00,0.02,yes,2,1,1
5793,127,LOC102033472,150,62,6.7,-1.3,1.3,0.01,0.05,yes,2,1,1
4181,127,GPR161,29,12,4.4,-1.3,1.3,0.01,0.04,yes,2,1,1
440,127,ANAPC1,142,59,6.7,-1.3,1.3,0.00,0.02,yes,2,1,1
13055,127,SETX,294,122,7.7,-1.3,1.3,0.00,0.01,yes,2,1,1
5330,126,LAMC1,276,115,7.6,-1.3,1.3,0.00,0.01,yes,2,1,1
8077,126,LOC115947896,404,968,9.4,1.3,1.3,0.00,0.02,yes,2,1,1
10285,126,MYC,110,46,6.3,-1.3,1.3,0.00,0.02,yes,2,1,1
3957,126,GEMIN5,97,41,6.1,-1.3,1.3,0.00,0.00,yes,2,1,1
13109,126,SH2D3C,217,106,7.3,-1.0,1.0,0.00,0.03,yes,2,1,1
337,126,AK1,84,36,5.9,-1.2,1.2,0.01,0.04,yes,2,1,1
13648,126,SNX20,110,46,6.3,-1.3,1.3,0.00,0.01,yes,2,1,1
2775,126,DNAJC10,160,67,6.8,-1.3,1.3,0.00,0.00,yes,2,1,1
8988,126,LOC115949071,399,171,8.2,-1.2,1.2,0.00,0.00,yes,2,1,1
7879,126,LOC106632238,445,186,8.3,-1.3,1.3,0.00,0.00,yes,2,1,1
7153,126,LOC102042290,111,56,6.4,-1.0,1.0,0.00,0.01,yes,2,1,1
2390,126,CUNH22orf15,17,37,4.8,1.1,1.1,0.00,0.02,yes,2,1,1
6156,126,LOC102035962,902,2154,10.6,1.3,1.3,0.00,0.00,yes,2,1,1
11107,126,PARS2,32,72,5.7,1.2,1.2,0.00,0.01,yes,2,1,1
4594,125,HRAS,4524,10785,12.9,1.3,1.3,0.00,0.00,yes,2,1,1
11035,125,P4HB,3669,8740,12.6,1.3,1.3,0.00,0.00,yes,2,1,1
11342,125,PHC2,2019,4809,11.7,1.3,1.3,0.00,0.00,yes,2,1,1
15825,125,ZCCHC9,594,296,8.8,-1.0,1.0,0.00,0.00,yes,2,1,1
1844,125,CHST3,22,9,4.0,-1.3,1.3,0.01,0.04,yes,1,1,1
1555,125,CDAN1,63,27,5.5,-1.2,1.2,0.01,0.05,yes,2,1,1
4916,125,ISCA1,44868,18904,15.0,-1.2,1.2,0.00,0.00,yes,2,1,1
11091,125,PARD3B,103,44,6.2,-1.2,1.2,0.01,0.04,yes,2,1,1
4599,124,HROB,1976,4680,11.7,1.2,1.2,0.00,0.00,yes,2,1,1
13936,124,STK17A,721,322,9.0,-1.2,1.2,0.00,0.02,yes,2,1,1
12404,124,RFTN1,278,118,7.6,-1.2,1.2,0.01,0.04,yes,2,1,1
1654,124,CELF5,15,36,4.7,1.2,1.2,0.00,0.02,yes,2,1,1
8701,124,LOC115948685,85,40,6.0,-1.1,1.1,0.00,0.01,yes,2,1,1
11063,124,PALB2,2079,4912,11.8,1.2,1.2,0.00,0.00,yes,2,1,1
12761,124,RTEL1,12,29,4.4,1.2,1.2,0.00,0.01,yes,2,1,1
9415,124,LONP1,1023,2171,10.6,1.1,1.1,0.00,0.00,yes,2,1,1
3154,124,ENAH,116,259,7.6,1.2,1.2,0.00,0.02,yes,2,1,1
10961,124,ORMDL1,106,248,7.5,1.2,1.2,0.00,0.00,yes,2,1,1
2609,123,DENND2C,701,1649,10.2,1.2,1.2,0.00,0.00,yes,2,1,1
5210,123,KIFAP3,107,45,6.2,-1.2,1.2,0.00,0.00,yes,2,1,1
52,123,ABCG4,54,113,6.4,1.1,1.1,0.00,0.03,yes,2,1,1
5390,123,LDLRAP1,2433,5714,12.0,1.2,1.2,0.00,0.01,yes,2,1,1
86,123,ACAA1,262,112,7.5,-1.2,1.2,0.00,0.00,yes,2,1,1
9846,123,MEGF9,135,67,6.7,-1.0,1.0,0.00,0.03,yes,2,1,1
5093,123,KCNRG,75,32,5.7,-1.2,1.2,0.00,0.01,yes,2,1,1
10852,123,NUDT9,142,61,6.7,-1.2,1.2,0.00,0.00,yes,2,1,1
14744,123,TOR3A,35,16,4.7,-1.1,1.1,0.00,0.02,yes,2,1,1
6313,123,LOC102036893,99,42,6.1,-1.2,1.2,0.00,0.02,yes,2,1,1
7279,123,LOC102043150,224,96,7.3,-1.2,1.2,0.00,0.01,yes,2,1,1
8919,123,LOC115948971,225,525,8.6,1.2,1.2,0.00,0.00,yes,2,1,1
11598,123,PM20D2,2873,6241,12.2,1.1,1.1,0.00,0.00,yes,2,1,1
735,123,ARRDC1,82,35,5.9,-1.2,1.2,0.00,0.01,yes,2,1,1
3704,123,FNDC3A,1803,770,10.3,-1.2,1.2,0.00,0.00,yes,2,1,1
6784,123,LOC102039850,84,36,5.9,-1.2,1.2,0.00,0.02,yes,2,1,1
9130,123,LOC115949254,854,1997,10.5,1.2,1.2,0.00,0.00,yes,2,1,1
11115,123,PATL2,58,25,5.4,-1.2,1.2,0.01,0.04,yes,2,1,1
5909,122,LOC102034256,200,86,7.2,-1.2,1.2,0.00,0.00,yes,2,1,1
11674,122,POLR3E,43,18,4.9,-1.2,1.2,0.01,0.04,yes,2,1,1
12413,122,RFXANK,74,174,7.0,1.2,1.2,0.00,0.01,yes,2,1,1
13883,122,ST6GALNAC4,217,103,7.3,-1.1,1.1,0.00,0.03,yes,2,1,1
11243,122,PDLIM7,2484,5795,12.0,1.2,1.2,0.00,0.00,yes,2,1,1
3308,122,EVL,490,211,8.5,-1.2,1.2,0.00,0.02,yes,2,1,1
5261,122,KLHL30,41,93,6.1,1.2,1.2,0.01,0.04,yes,2,1,1
15468,122,VEGFC,312,142,7.8,-1.1,1.1,0.00,0.00,yes,2,1,1
11430,122,PIK3CB,1028,2345,10.7,1.2,1.2,0.00,0.01,yes,2,1,1
10142,122,MRPS15,70,30,5.6,-1.2,1.2,0.00,0.03,yes,2,1,1
10452,122,NDC1,64,149,6.7,1.2,1.2,0.00,0.01,yes,2,1,1
4438,122,HELZ2,23877,10276,14.1,-1.2,1.2,0.00,0.00,yes,2,1,1
5896,122,LOC102034176,25,11,4.2,-1.2,1.2,0.00,0.00,yes,2,1,1
15246,122,UBB,4200,9754,12.8,1.2,1.2,0.00,0.00,yes,2,1,1
7522,122,LOC102044669,55,127,6.5,1.2,1.2,0.00,0.00,yes,2,1,1
12500,122,RIPOR2,1181,509,9.7,-1.2,1.2,0.00,0.03,yes,2,1,1
1386,121,CCDC107,32,14,4.5,-1.2,1.2,0.00,0.01,yes,2,1,1
5291,121,KPNA2,82,190,7.1,1.2,1.2,0.00,0.01,yes,2,1,1
2596,121,DECR1,28,12,4.3,-1.2,1.2,0.00,0.03,yes,2,1,1
3640,121,FGL2,387,167,8.1,-1.2,1.2,0.00,0.02,yes,2,1,1
614,121,ARF3,115,50,6.4,-1.2,1.2,0.01,0.05,yes,2,1,1
3856,121,GALM,48,21,5.1,-1.2,1.2,0.01,0.05,yes,2,1,1
1029,121,BCORL1,167,388,8.1,1.2,1.2,0.00,0.00,yes,2,1,1
11516,121,PLCG1,801,346,9.2,-1.2,1.2,0.00,0.02,yes,2,1,1
11432,121,PIK3CG,160,69,6.8,-1.2,1.2,0.00,0.00,yes,2,1,1
2373,121,CUNH1orf189,996,2297,10.7,1.2,1.2,0.00,0.00,yes,2,1,1
12266,120,RASSF2,759,330,9.1,-1.2,1.2,0.00,0.02,yes,2,1,1
642,120,ARHGAP26,1073,466,9.6,-1.2,1.2,0.00,0.00,yes,2,1,1
2258,120,CST7,1206,584,9.8,-1.0,1.0,0.00,0.00,yes,2,1,1
2193,120,CRIP1,1482,645,10.1,-1.2,1.2,0.00,0.01,yes,2,1,1
3128,120,ELP2,50,22,5.2,-1.2,1.2,0.01,0.05,yes,2,1,1
13204,120,SKAP2,160,70,6.8,-1.2,1.2,0.00,0.01,yes,2,1,1
1708,120,CEP85L,206,90,7.2,-1.2,1.2,0.00,0.00,yes,2,1,1
971,120,BAIAP2,85,37,5.9,-1.2,1.2,0.01,0.04,yes,2,1,1
6036,120,LOC102035094,91,184,7.1,1.0,1.0,0.00,0.00,yes,2,1,1
12262,120,RASL11A,67,153,6.8,1.2,1.2,0.00,0.01,yes,2,1,1
14365,120,THAP5,2621,1144,10.9,-1.2,1.2,0.00,0.00,yes,2,1,1
13521,120,SMAD6,197,428,8.3,1.1,1.1,0.00,0.01,yes,2,1,1
14689,120,TNFRSF21,1280,559,9.8,-1.2,1.2,0.01,0.04,yes,2,1,1
9646,119,MANEA,54,24,5.3,-1.2,1.2,0.01,0.05,yes,2,1,1
9721,119,MARS1,287,655,8.9,1.2,1.2,0.00,0.00,yes,2,1,1
6680,119,LOC102039265,410,183,8.2,-1.2,1.2,0.00,0.01,yes,2,1,1
145,119,ACSS2,424,186,8.3,-1.2,1.2,0.00,0.01,yes,2,1,1
922,119,AURKA,364,828,9.2,1.2,1.2,0.00,0.00,yes,2,1,1
4120,119,GORASP1,728,319,9.0,-1.2,1.2,0.00,0.00,yes,2,1,1
13665,119,SOAT1,127,56,6.5,-1.2,1.2,0.01,0.04,yes,2,1,1
6828,119,LOC102040089,1595,3634,11.4,1.2,1.2,0.00,0.00,yes,2,1,1
3577,119,FCHSD1,6966,15854,13.5,1.2,1.2,0.00,0.03,yes,2,1,1
11309,119,PFN2,642,282,8.9,-1.2,1.2,0.00,0.00,yes,2,1,1
3746,118,FRAS1,144,325,7.9,1.2,1.2,0.00,0.02,yes,2,1,1
12814,118,SACS,77,34,5.8,-1.2,1.2,0.00,0.02,yes,2,1,1
15915,118,ZNF330,77,34,5.8,-1.2,1.2,0.00,0.03,yes,2,1,1
11820,118,PRDX3,1243,548,9.8,-1.2,1.2,0.00,0.01,yes,2,1,1
14859,118,TRIOBP,31667,13955,14.5,-1.2,1.2,0.00,0.00,yes,2,1,1
12268,118,RASSF5,291,130,7.7,-1.2,1.2,0.01,0.05,yes,2,1,1
9431,118,LPCAT1,23,10,4.0,-1.2,1.2,0.01,0.03,yes,2,1,1
9949,118,MIDN,33,75,5.8,1.2,1.2,0.00,0.01,yes,2,1,1
12084,118,PYCR1,33,75,5.8,1.2,1.2,0.00,0.00,yes,2,1,1
2576,118,DDX27,3774,1667,11.4,-1.2,1.2,0.00,0.00,yes,2,1,1
12573,118,RNF41,5738,2658,12.0,-1.1,1.1,0.00,0.00,yes,2,1,1
14785,118,TPT1,33114,74962,15.7,1.2,1.2,0.00,0.00,yes,2,1,1
8938,118,LOC115949007,50,112,6.3,1.2,1.2,0.00,0.02,yes,2,1,1
1625,118,CDK9,912,2062,10.5,1.2,1.2,0.00,0.00,yes,2,1,1
9546,118,LSM8,373,165,8.1,-1.2,1.2,0.00,0.01,yes,2,1,1
11083,118,PAPSS1,673,298,8.9,-1.2,1.2,0.00,0.01,yes,2,1,1
4715,118,IFT27,48,98,6.2,1.0,1.0,0.00,0.02,yes,2,1,1
12922,117,SDCCAG8,53,24,5.3,-1.2,1.2,0.00,0.01,yes,2,1,1
2515,117,DCAF4,341,166,8.0,-1.0,1.0,0.00,0.00,yes,2,1,1
4407,117,HDAC7,316,158,7.9,-1.0,1.0,0.00,0.00,yes,2,1,1
3438,117,FAM189B,62,139,6.7,1.2,1.2,0.00,0.02,yes,2,1,1
860,117,ATP5F1B,8837,19856,13.8,1.2,1.2,0.00,0.00,yes,2,1,1
9192,117,LOC115949324,1044,2346,10.7,1.2,1.2,0.00,0.01,yes,2,1,1
535,117,ANXA2,1990,899,10.5,-1.1,1.1,0.01,0.03,yes,2,1,1
1819,117,CHRFAM7A,50,112,6.3,1.2,1.2,0.00,0.02,yes,2,1,1
9434,117,LPGAT1,425,190,8.3,-1.2,1.2,0.00,0.02,yes,2,1,1
7225,117,LOC102042831,14678,30801,14.5,1.1,1.1,0.00,0.00,yes,2,1,1
14153,116,TANK,117,52,6.4,-1.2,1.2,0.00,0.02,yes,2,1,1
6664,116,LOC102039164,249,111,7.5,-1.2,1.2,0.00,0.00,yes,2,1,1
14309,116,TERT,10,21,4.0,1.2,1.2,0.00,0.03,yes,2,1,1
14186,116,TBC1D30,55,25,5.3,-1.2,1.2,0.00,0.02,yes,2,1,1
5431,116,LIG3,188,420,8.2,1.2,1.2,0.00,0.00,yes,2,1,1
12491,116,RIOK1,150,322,7.9,1.1,1.1,0.00,0.00,yes,2,1,1
6095,116,LOC102035538,14,30,4.5,1.1,1.1,0.01,0.04,yes,2,1,1
12093,116,QDPR,45,20,5.0,-1.2,1.2,0.00,0.01,yes,2,1,1
4434,116,HELB,154,69,6.8,-1.2,1.2,0.00,0.00,yes,2,1,1
4396,115,HCN2,59,131,6.6,1.2,1.2,0.00,0.02,yes,2,1,1
4810,115,IMMP2L,23,10,4.0,-1.2,1.2,0.00,0.03,yes,2,1,1
11510,115,PLCB2,252,114,7.5,-1.2,1.2,0.00,0.02,yes,2,1,1
10832,115,NUCB2,483,1075,9.6,1.2,1.2,0.00,0.00,yes,2,1,1
10868,115,NUP37,57,26,5.4,-1.2,1.2,0.01,0.03,yes,2,1,1
10245,115,MTRF1,291,132,7.7,-1.1,1.1,0.00,0.00,yes,2,1,1
10493,115,NDUFS4,187,415,8.2,1.2,1.2,0.00,0.00,yes,2,1,1
12286,115,RBL1,75,34,5.8,-1.2,1.2,0.00,0.01,yes,2,1,1
14680,115,TNFAIP8L1,528,1174,9.7,1.2,1.2,0.00,0.00,yes,2,1,1
2468,115,CYTH4,565,270,8.7,-1.1,1.1,0.00,0.02,yes,2,1,1
13286,115,SLC25A15,19,9,3.8,-1.2,1.2,0.01,0.04,yes,1,1,1
15162,115,TTLL11,22,10,4.0,-1.2,1.2,0.00,0.03,yes,2,1,1
11010,115,OXNAD1,32,14,4.5,-1.1,1.1,0.00,0.02,yes,2,1,1
13092,115,SGMS2,20,9,3.9,-1.1,1.1,0.01,0.04,yes,1,1,1
2350,115,CUNH15orf61,23,10,4.0,-1.1,1.1,0.01,0.04,yes,2,1,1
92,115,ACAD8,193,427,8.3,1.1,1.1,0.00,0.00,yes,2,1,1
14759,115,TPD52,114,51,6.4,-1.1,1.1,0.00,0.03,yes,2,1,1
12496,115,RIPK1,47,21,5.1,-1.1,1.1,0.00,0.03,yes,2,1,1
10127,114,MRPL42,30,14,4.5,-1.1,1.1,0.01,0.04,yes,2,1,1
63,114,ABHD17C,68,31,5.6,-1.1,1.1,0.00,0.02,yes,2,1,1
1304,114,CAPN15,436,962,9.4,1.1,1.1,0.00,0.00,yes,2,1,1
8062,114,LOC115947875,17,36,4.7,1.1,1.1,0.00,0.01,yes,2,1,1
13474,114,SLC7A5,476,216,8.4,-1.1,1.1,0.00,0.02,yes,2,1,1
5419,114,LHFPL4,14,32,4.5,1.1,1.1,0.01,0.04,yes,2,1,1
15235,114,UBA5,128,58,6.5,-1.1,1.1,0.00,0.01,yes,2,1,1
4691,114,IDH3B,4116,9060,12.7,1.1,1.1,0.00,0.00,yes,2,1,1
6458,114,LOC102037852,140,307,7.8,1.1,1.1,0.00,0.02,yes,2,1,1
2434,114,CUNH9orf16,80,36,5.9,-1.1,1.1,0.00,0.02,yes,2,1,1
10588,114,NHEJ1,8,18,3.7,1.1,1.1,0.01,0.05,yes,1,1,1
1958,114,CMKLR1,244,536,8.6,1.1,1.1,0.00,0.01,yes,2,1,1
6599,114,LOC102038704,5429,11920,13.1,1.1,1.1,0.00,0.00,yes,2,1,1
607,113,ARAP2,104,48,6.2,-1.1,1.1,0.01,0.05,yes,2,1,1
10890,113,NYX,86,188,7.1,1.1,1.1,0.00,0.02,yes,2,1,1
11944,113,PSMB4,721,1578,10.2,1.1,1.1,0.00,0.00,yes,2,1,1
5890,113,LOC102034148,333,730,9.1,1.1,1.1,0.00,0.00,yes,2,1,1
13658,113,SNX33,94,207,7.2,1.1,1.1,0.00,0.00,yes,2,1,1
11308,113,PFKP,426,196,8.3,-1.1,1.1,0.00,0.00,yes,2,1,1
11257,113,PDXP,201,438,8.3,1.1,1.1,0.00,0.00,yes,2,1,1
536,113,ANXA4,2490,5439,12.0,1.1,1.1,0.00,0.01,yes,2,1,1
1785,113,CHD9,282,129,7.7,-1.1,1.1,0.00,0.01,yes,2,1,1
7095,113,LOC102041865,341,745,9.1,1.1,1.1,0.00,0.02,yes,2,1,1
8426,113,LOC115948351,36,78,5.8,1.1,1.1,0.00,0.00,yes,2,1,1
9958,113,MIIP,296,619,8.8,1.1,1.1,0.00,0.00,yes,2,1,1
8638,113,LOC115948603,55,28,5.4,-1.0,1.0,0.00,0.02,yes,2,1,1
9335,113,LOC115949475,60,27,5.4,-1.1,1.1,0.00,0.00,yes,2,1,1
12489,113,RIN3,238,109,7.4,-1.1,1.1,0.00,0.01,yes,2,1,1
13226,113,SLC12A9,378,173,8.1,-1.1,1.1,0.01,0.04,yes,2,1,1
2020,113,CNTRL,124,57,6.5,-1.1,1.1,0.01,0.04,yes,2,1,1
9803,113,MDM1,102,47,6.2,-1.1,1.1,0.00,0.00,yes,2,1,1
12707,112,RPS6KA6,350,161,8.0,-1.1,1.1,0.00,0.00,yes,2,1,1
11821,112,PRDX4,2517,5483,12.0,1.1,1.1,0.00,0.03,yes,2,1,1
13162,112,SHPK,21,10,4.0,-1.1,1.1,0.01,0.04,yes,2,1,1
14838,112,TRIM24,2302,4922,11.8,1.1,1.1,0.00,0.00,yes,2,1,1
9534,112,LSG1,122,56,6.5,-1.1,1.1,0.00,0.03,yes,2,1,1
15688,112,XBP1,11218,24424,14.1,1.1,1.1,0.00,0.00,yes,2,1,1
7503,112,LOC102044587,212,460,8.4,1.1,1.1,0.00,0.00,yes,2,1,1
9939,112,MICAL2,226,110,7.4,-1.0,1.0,0.00,0.01,yes,2,1,1
13012,112,SEPTIN5,845,389,9.3,-1.1,1.1,0.00,0.02,yes,2,1,1
1516,112,CCT8,199,92,7.2,-1.1,1.1,0.00,0.02,yes,2,1,1
3635,112,FGFR4,34,74,5.8,1.1,1.1,0.01,0.04,yes,2,1,1
10687,112,NOP16,2005,4355,11.6,1.1,1.1,0.00,0.01,yes,2,1,1
14771,112,TPM4,230,106,7.4,-1.1,1.1,0.00,0.03,yes,2,1,1
7590,112,LOC102045048,142,71,6.7,-1.0,1.0,0.00,0.02,yes,2,1,1
15766,112,ZBED4,66,30,5.6,-1.1,1.1,0.00,0.03,yes,2,1,1
13349,111,SLC30A7,125,58,6.5,-1.1,1.1,0.00,0.00,yes,2,1,1
14671,111,TMX2,899,1945,10.5,1.1,1.1,0.00,0.00,yes,2,1,1
8551,111,LOC115948501,112,243,7.5,1.1,1.1,0.00,0.01,yes,2,1,1
12364,111,REL,143,66,6.7,-1.1,1.1,0.01,0.05,yes,2,1,1
666,111,ARHGEF2,412,190,8.2,-1.1,1.1,0.00,0.02,yes,2,1,1
1008,111,BCDIN3D,293,632,8.9,1.1,1.1,0.00,0.00,yes,2,1,1
9748,111,MBNL2,67,31,5.6,-1.1,1.1,0.00,0.00,yes,2,1,1
839,111,ATP11B,271,126,7.6,-1.1,1.1,0.01,0.04,yes,2,1,1
12141,111,RAB37,432,200,8.3,-1.1,1.1,0.00,0.00,yes,2,1,1
13651,111,SNX24,29,63,5.5,1.1,1.1,0.00,0.00,yes,2,1,1
15140,111,TTC3,26085,12086,14.2,-1.1,1.1,0.00,0.00,yes,2,1,1
6024,111,LOC102035003,178,83,7.0,-1.1,1.1,0.00,0.01,yes,2,1,1
2112,111,COQ6,439,946,9.4,1.1,1.1,0.00,0.00,yes,2,1,1
11075,111,PANX1,55,26,5.3,-1.1,1.1,0.00,0.00,yes,2,1,1
3074,111,EIF3F,2097,4512,11.7,1.1,1.1,0.00,0.00,yes,2,1,1
9819,111,MED14,1094,508,9.6,-1.1,1.1,0.00,0.00,yes,2,1,1
15962,111,ZNF706,4473,9627,12.8,1.1,1.1,0.00,0.00,yes,2,1,1
2293,111,CTSD,59525,27667,15.4,-1.1,1.1,0.00,0.00,yes,2,1,1
364,110,AKR7A2,140,302,7.8,1.1,1.1,0.00,0.00,yes,2,1,1
7253,110,LOC102043013,1558,751,10.2,-1.1,1.1,0.01,0.05,yes,2,1,1
4891,110,IQGAP1,900,419,9.4,-1.1,1.1,0.00,0.02,yes,2,1,1
15580,110,WDHD1,585,272,8.7,-1.1,1.1,0.00,0.01,yes,2,1,1
498,110,ANKRD44,646,301,8.9,-1.1,1.1,0.00,0.03,yes,2,1,1
2169,110,CRADD,40,19,4.9,-1.1,1.1,0.00,0.03,yes,2,1,1
4207,110,GPR65,130,61,6.6,-1.1,1.1,0.01,0.04,yes,2,1,1
5558,110,LOC102031840,472,220,8.4,-1.1,1.1,0.00,0.02,yes,2,1,1
10094,110,MRGBP,191,90,7.1,-1.1,1.1,0.00,0.01,yes,2,1,1
11608,110,PMS2,90,42,6.0,-1.1,1.1,0.00,0.01,yes,2,1,1
13905,110,STARD10,102,48,6.2,-1.1,1.1,0.00,0.00,yes,2,1,1
14269,110,TDRD7,79,37,5.9,-1.1,1.1,0.00,0.00,yes,2,1,1
5172,110,KIAA1841,28,59,5.4,1.1,1.1,0.00,0.01,yes,2,1,1
11771,110,PPP1R9B,248,116,7.5,-1.1,1.1,0.01,0.04,yes,2,1,1
13307,110,SLC25A4,13,26,4.3,1.0,1.0,0.00,0.03,yes,2,1,1
15275,110,UBE3C,304,142,7.8,-1.1,1.1,0.00,0.00,yes,2,1,1
1460,110,CCDC88C,181,84,7.0,-1.1,1.1,0.01,0.04,yes,2,1,1
10867,110,NUP35,72,34,5.7,-1.1,1.1,0.00,0.02,yes,2,1,1
6646,110,LOC102039046,533,250,8.6,-1.1,1.1,0.01,0.04,yes,2,1,1
507,109,ANKRD9,889,1898,10.4,1.1,1.1,0.00,0.01,yes,2,1,1
3782,109,FTSJ3,2048,4373,11.6,1.1,1.1,0.00,0.00,yes,2,1,1
9966,109,MINPP1,269,575,8.7,1.1,1.1,0.00,0.00,yes,2,1,1
15429,109,UTP18,2625,5604,12.0,1.1,1.1,0.00,0.01,yes,2,1,1
1239,109,CACNA1G,254,542,8.6,1.1,1.1,0.01,0.03,yes,2,1,1
3183,109,ENTPD6,32,15,4.6,-1.1,1.1,0.00,0.02,yes,2,1,1
9663,109,MAP2K5,342,161,8.0,-1.1,1.1,0.00,0.01,yes,2,1,1
12679,109,RPS12,25464,54289,15.3,1.1,1.1,0.00,0.02,yes,2,1,1
9812,109,MECR,442,207,8.3,-1.1,1.1,0.00,0.02,yes,2,1,1
13194,109,SIRT5,1407,2992,11.1,1.1,1.1,0.00,0.01,yes,2,1,1
13990,109,STX7,771,362,9.1,-1.1,1.1,0.00,0.00,yes,2,1,1
3004,109,EEF1AKMT1,43,20,5.0,-1.1,1.1,0.00,0.02,yes,2,1,1
13489,109,SLC9A9,62,29,5.5,-1.1,1.1,0.01,0.04,yes,2,1,1
3116,109,ELMOD3,160,338,8.0,1.1,1.1,0.00,0.00,yes,2,1,1
8015,109,LOC115947808,204,96,7.2,-1.1,1.1,0.00,0.02,yes,2,1,1
1688,108,CEP170,177,84,7.0,-1.1,1.1,0.01,0.04,yes,2,1,1
4292,108,GSAP,93,44,6.1,-1.1,1.1,0.01,0.03,yes,2,1,1
12972,108,SELENOI,51,109,6.3,1.1,1.1,0.00,0.02,yes,2,1,1
384,108,ALG1,77,36,5.8,-1.1,1.1,0.00,0.01,yes,2,1,1
7160,108,LOC102042349,226,479,8.5,1.1,1.1,0.00,0.00,yes,2,1,1
15205,108,TXN2,2277,4816,11.8,1.1,1.1,0.00,0.00,yes,2,1,1
8643,108,LOC115948608,1236,586,9.8,-1.1,1.1,0.00,0.01,yes,2,1,1
6575,108,LOC102038576,322,152,7.9,-1.1,1.1,0.00,0.02,yes,2,1,1
9978,108,MKNK1,100,47,6.2,-1.1,1.1,0.00,0.03,yes,2,1,1
12112,108,RAB11FIP2,126,60,6.5,-1.1,1.1,0.01,0.04,yes,2,1,1
12828,108,SAMHD1,370,176,8.1,-1.1,1.1,0.00,0.00,yes,2,1,1
9919,108,MGAT3,141,67,6.7,-1.1,1.1,0.00,0.01,yes,2,1,1
10877,107,NUP93,85,40,6.0,-1.1,1.1,0.00,0.03,yes,2,1,1
10830,107,NUBP2,1905,905,10.5,-1.1,1.1,0.00,0.00,yes,2,1,1
11416,107,PIGT,2978,6266,12.2,1.1,1.1,0.00,0.00,yes,2,1,1
15707,107,XPO4,21,45,5.0,1.1,1.1,0.00,0.03,yes,2,1,1
1526,107,CD247,131,62,6.6,-1.1,1.1,0.01,0.04,yes,2,1,1
6557,107,LOC102038474,179,376,8.1,1.1,1.1,0.01,0.04,yes,2,1,1
8095,107,LOC115947917,184,88,7.1,-1.1,1.1,0.00,0.00,yes,2,1,1
11733,107,PPIP5K1,117,56,6.4,-1.1,1.1,0.00,0.01,yes,2,1,1
911,107,ATXN1,156,74,6.8,-1.1,1.1,0.00,0.01,yes,2,1,1
14419,107,TIPARP,351,168,8.0,-1.1,1.1,0.00,0.03,yes,2,1,1
177,107,ADAM15,456,218,8.4,-1.1,1.1,0.00,0.02,yes,2,1,1
9869,107,METRNL,158,75,6.9,-1.1,1.1,0.00,0.02,yes,2,1,1
4450,107,HERPUD1,1716,3591,11.4,1.1,1.1,0.00,0.00,yes,2,1,1
12265,107,RASSF1,45,94,6.1,1.1,1.1,0.00,0.01,yes,2,1,1
13465,107,SLC6A9,667,1396,10.0,1.1,1.1,0.00,0.00,yes,2,1,1
1855,106,CIAO2B,129,61,6.6,-1.1,1.1,0.00,0.01,yes,2,1,1
12314,106,RBM7,951,1987,10.5,1.1,1.1,0.00,0.02,yes,2,1,1
12846,106,SASH3,338,162,8.0,-1.1,1.1,0.01,0.04,yes,2,1,1
13483,106,SLC9A3R1,3267,1563,11.2,-1.1,1.1,0.00,0.01,yes,2,1,1
14807,106,TRAM1,1489,3108,11.2,1.1,1.1,0.00,0.00,yes,2,1,1
2694,106,DIPK2A,25,51,5.2,1.1,1.1,0.00,0.02,yes,2,1,1
1953,106,CMAS,41,20,4.9,-1.1,1.1,0.00,0.03,yes,2,1,1
9433,106,LPCAT3,220,106,7.3,-1.1,1.1,0.00,0.02,yes,2,1,1
5312,106,L2HGDH,148,310,7.8,1.1,1.1,0.00,0.00,yes,2,1,1
874,106,ATP6AP1,425,205,8.3,-1.1,1.1,0.00,0.03,yes,2,1,1
7401,106,LOC102043988,103,50,6.3,-1.1,1.1,0.01,0.04,yes,2,1,1
12230,106,RAP1GDS1,165,79,6.9,-1.1,1.1,0.00,0.01,yes,2,1,1
10138,105,MRPS10,58,28,5.4,-1.1,1.1,0.00,0.02,yes,2,1,1
10686,105,NOP14,606,1260,9.9,1.1,1.1,0.00,0.00,yes,2,1,1
14728,105,TOM1,437,908,9.4,1.1,1.1,0.00,0.00,yes,2,1,1
13015,105,SEPTIN8,153,74,6.8,-1.1,1.1,0.00,0.03,yes,2,1,1
3698,105,FNBP1,393,190,8.2,-1.1,1.1,0.01,0.03,yes,2,1,1
7387,105,LOC102043878,76,36,5.8,-1.1,1.1,0.01,0.04,yes,2,1,1
3607,105,FGD3,390,189,8.2,-1.0,1.0,0.00,0.01,yes,2,1,1
9574,105,LYPLA1,122,60,6.5,-1.0,1.0,0.00,0.00,yes,2,1,1
10472,105,NDUFA4,73,36,5.8,-1.0,1.0,0.00,0.02,yes,2,1,1
13129,105,SH3RF1,542,262,8.7,-1.0,1.0,0.00,0.01,yes,2,1,1
11921,105,PRUNE1,1396,675,10.0,-1.0,1.0,0.00,0.00,yes,2,1,1
12612,105,RPAP2,140,68,6.7,-1.0,1.0,0.00,0.00,yes,2,1,1
7456,105,LOC102044327,468,967,9.5,1.0,1.0,0.00,0.00,yes,2,1,1
6636,105,LOC102038971,347,168,8.0,-1.0,1.0,0.00,0.02,yes,2,1,1
7032,105,LOC102041340,100,48,6.2,-1.0,1.0,0.00,0.03,yes,2,1,1
11038,105,PABPC1,120000,247815,17.5,1.0,1.0,0.00,0.00,yes,2,1,1
11984,105,PTCD1,343,707,9.0,1.0,1.0,0.00,0.00,yes,2,1,1
7864,105,LOC106632214,97,200,7.2,1.0,1.0,0.00,0.00,yes,2,1,1
12866,105,SCAMP1,672,325,9.0,-1.0,1.0,0.00,0.00,yes,2,1,1
5922,104,LOC102034308,808,1667,10.3,1.0,1.0,0.00,0.00,yes,2,1,1
15369,104,URM1,1531,3156,11.2,1.0,1.0,0.00,0.00,yes,2,1,1
5179,104,KIF13A,52,25,5.3,-1.0,1.0,0.01,0.04,yes,2,1,1
6645,104,LOC102039045,213,438,8.3,1.0,1.0,0.00,0.02,yes,2,1,1
9945,104,MICU1,1266,2608,10.9,1.0,1.0,0.00,0.00,yes,2,1,1
9792,104,MCUB,896,435,9.4,-1.0,1.0,0.00,0.00,yes,2,1,1
2543,104,DCTN1,6006,12356,13.2,1.0,1.0,0.00,0.00,yes,2,1,1
9247,104,LOC115949383,60,122,6.5,1.0,1.0,0.01,0.03,yes,2,1,1
10668,104,NOC3L,298,145,7.8,-1.0,1.0,0.00,0.00,yes,2,1,1
2886,104,DSE,750,366,9.1,-1.0,1.0,0.00,0.01,yes,2,1,1
5801,104,LOC102033496,208,426,8.3,1.0,1.0,0.00,0.01,yes,2,1,1
216,104,ADCY7,385,188,8.2,-1.0,1.0,0.01,0.04,yes,2,1,1
1375,103,CBX7,34,16,4.6,-1.0,1.0,0.01,0.04,yes,2,1,1
4456,103,HEXA,375,184,8.1,-1.0,1.0,0.00,0.00,yes,2,1,1
14554,103,TMEM199,48,99,6.2,1.0,1.0,0.00,0.00,yes,2,1,1
1301,103,CAPN10,104,210,7.3,1.0,1.0,0.00,0.00,yes,2,1,1
9743,103,MBD4,1219,2493,10.9,1.0,1.0,0.00,0.03,yes,2,1,1
79,103,ABR,1018,499,9.6,-1.0,1.0,0.00,0.02,yes,2,1,1
1135,103,BRF2,129,264,7.6,1.0,1.0,0.00,0.00,yes,2,1,1
3058,103,EIF2AK1,118,58,6.5,-1.0,1.0,0.00,0.02,yes,2,1,1
297,103,AGO4,270,132,7.7,-1.0,1.0,0.00,0.01,yes,2,1,1
399,103,ALKBH4,430,876,9.4,1.0,1.0,0.00,0.01,yes,2,1,1
11741,103,PPM1G,8405,17134,13.6,1.0,1.0,0.00,0.00,yes,2,1,1
11458,103,PITPNM1,3204,6530,12.2,1.0,1.0,0.01,0.04,yes,2,1,1
15758,103,YWHAH,332,163,8.0,-1.0,1.0,0.00,0.03,yes,2,1,1
15942,103,ZNF518A,142,69,6.7,-1.0,1.0,0.00,0.00,yes,2,1,1
7919,103,LOC115947690,759,373,9.1,-1.0,1.0,0.01,0.04,yes,2,1,1
5201,102,KIF3A,702,345,9.0,-1.0,1.0,0.00,0.00,yes,2,1,1
9935,102,MIA3,10347,5088,12.9,-1.0,1.0,0.00,0.01,yes,2,1,1
3386,102,FAM114A2,228,114,7.4,-1.0,1.0,0.00,0.00,yes,2,1,1
10918,102,OGFOD3,352,174,8.0,-1.0,1.0,0.00,0.02,yes,2,1,1
6045,102,LOC102035154,22646,45992,15.1,1.0,1.0,0.00,0.02,yes,2,1,1
11482,102,PKNOX1,2074,4211,11.6,1.0,1.0,0.00,0.00,yes,2,1,1
11554,102,PLEKHM3,97,48,6.2,-1.0,1.0,0.01,0.04,yes,2,1,1
14630,102,TMEM65,1613,796,10.2,-1.0,1.0,0.00,0.00,yes,2,1,1
1194,102,C1QTNF12,51,102,6.3,1.0,1.0,0.00,0.01,yes,2,1,1
13538,102,SMC1A,389,787,9.2,1.0,1.0,0.00,0.02,yes,2,1,1
13893,102,ST8SIA6,682,337,9.0,-1.0,1.0,0.00,0.01,yes,2,1,1
7684,101,LOC102045627,142,284,7.7,1.0,1.0,0.00,0.00,yes,2,1,1
11275,101,PEF1,1470,2968,11.1,1.0,1.0,0.00,0.00,yes,2,1,1
15848,101,ZEB1,223,111,7.4,-1.0,1.0,0.00,0.02,yes,2,1,1
7630,101,LOC102045263,478,237,8.5,-1.0,1.0,0.00,0.03,yes,2,1,1
11829,101,PREX1,518,258,8.6,-1.0,1.0,0.01,0.05,yes,2,1,1
7641,101,LOC102045350,216,107,7.3,-1.0,1.0,0.00,0.00,yes,2,1,1
121,101,ACOT11,144,72,6.8,-1.0,1.0,0.01,0.03,yes,2,1,1
12184,101,RAD51,21,42,5.0,1.0,1.0,0.01,0.04,yes,2,1,1
13848,101,SRXN1,12412,24933,14.2,1.0,1.0,0.00,0.01,yes,2,1,1
13914,101,STAT1,11259,5608,13.0,-1.0,1.0,0.01,0.03,yes,2,1,1
1487,101,CCNE2,152,305,7.8,1.0,1.0,0.00,0.00,yes,2,1,1
10079,101,MPP7,107,53,6.3,-1.0,1.0,0.00,0.03,yes,2,1,1
4632,100,HSPA5,3632,7282,12.4,1.0,1.0,0.00,0.00,yes,2,1,1
4349,100,GUSB,774,1551,10.2,1.0,1.0,0.00,0.00,yes,2,1,1
9008,100,LOC115949097,78,155,6.9,1.0,1.0,0.00,0.01,yes,2,1,1
10510,100,NEDD4,43,22,5.0,-1.0,1.0,0.01,0.04,yes,2,1,1
6162,100,LOC102036000,334,669,9.0,1.0,1.0,0.00,0.00,yes,2,1,1
12786,100,RUVBL1,134,67,6.7,-1.0,1.0,0.00,0.01,yes,2,1,1
7650,100,LOC102045404,476,238,8.5,-1.0,1.0,0.00,0.00,yes,2,1,1