Index,Sort order,GeneID,avg mUCRA,avg mUFOR,log2(avg),log2(FC),abs(log2FC),pvalue,padj,significant,Num_over_min_min nCount,Num_over_min_log2(FC),DIFF_EXP
15,112,AASDH,35,16,4.7,1.1,1.1,0.01,0.04,yes,2,1,1
25,181,ABCA3,1386,4857,11.6,-1.8,1.8,0,0,yes,2,1,1
29,167,ABCB1,24,54,5.3,-1.2,1.2,0.01,0.04,yes,2,1,1
44,114,ABCD2,915,416,9.4,1.1,1.1,0,0,yes,2,1,1
64,133,ABHD18,228,91,7.3,1.3,1.3,0,0,yes,2,1,1
65,102,ABHD2,3973,1964,11.5,1,1,0,0,yes,2,1,1
98,383,ACAN,1,13,2.8,-3.8,3.8,0,0,yes,1,1,1
102,215,ACAT2,86,19,5.7,2.2,2.2,0,0,yes,2,1,1
111,118,ACER2,148,65,6.7,1.2,1.2,0,0,yes,2,1,1
116,162,ACLY,1028,373,9.5,1.5,1.5,0,0,yes,2,1,1
128,116,ACOX2,15,34,4.6,-1.2,1.2,0.01,0.04,yes,2,1,1
135,152,ACSBG1,115,41,6.3,1.5,1.5,0,0,yes,2,1,1
136,117,ACSBG2,136,306,7.8,-1.2,1.2,0,0.03,yes,2,1,1
139,134,ACSL1,25,62,5.4,-1.3,1.3,0,0,yes,2,1,1
140,571,ACSL3,12,333,7.4,-4.8,4.8,0,0,yes,2,1,1
145,119,ACSS2,141,284,7.7,-1,1,0,0.02,yes,2,1,1
148,273,ACTA2,25,54,5.3,-1.1,1.1,0.01,0.04,yes,2,1,1
185,216,ADAMTS10,3,10,2.7,-1.7,1.7,0,0.03,yes,1,1,1
222,129,ADD3,354,711,9.1,-1,1,0.01,0.04,yes,2,1,1
240,176,ADH5,349,103,7.8,1.8,1.8,0,0,yes,2,1,1
255,134,ADPRH,167,423,8.2,-1.3,1.3,0,0,yes,2,1,1
256,123,ADPRHL1,24,50,5.2,-1.1,1.1,0,0.01,yes,2,1,1
308,164,AGTPBP1,105,33,6.1,1.6,1.6,0,0,yes,2,1,1
309,232,AGTR2,40,132,6.4,-1.7,1.7,0,0.01,yes,2,1,1
314,125,AHCY,44,105,6.2,-1.2,1.2,0,0,yes,2,1,1
317,186,AHDC1,6,23,3.9,-1.9,1.9,0,0.01,yes,1,1,1
323,118,AHSA2P,3176,1406,11.2,1.2,1.2,0,0,yes,2,1,1
330,401,AIFM3,5,47,4.7,-3.1,3.1,0,0.01,yes,1,1,1
337,126,AK1,33,78,5.8,-1.3,1.3,0,0.01,yes,2,1,1
369,105,ALAS1,26,53,5.3,-1.1,1.1,0,0.01,yes,2,1,1
377,137,ALDH5A1,63,24,5.4,1.4,1.4,0,0.01,yes,2,1,1
403,190,ALOX5,13,49,5,-1.9,1.9,0,0,yes,2,1,1
405,176,ALPK1,85,28,5.8,1.6,1.6,0,0.02,yes,2,1,1
430,131,AMN1,1270,2811,11,-1.1,1.1,0,0,yes,2,1,1
451,205,ANGPT1,5,18,3.5,-2,2,0,0,yes,1,1,1
460,149,ANHX,8,23,4,-1.5,1.5,0,0.01,yes,1,1,1
491,401,ANKRD31,6,19,3.6,-1.6,1.6,0,0.01,yes,1,1,1
501,183,ANKRD50,76,21,5.6,1.8,1.8,0,0,yes,2,1,1
518,189,ANO4,10,3,2.7,1.7,1.7,0,0.02,yes,1,1,1
532,734,ANXA10,57,420,7.9,-2.9,2.9,0,0.03,yes,2,1,1
536,113,ANXA4,5120,2455,11.9,1.1,1.1,0,0,yes,2,1,1
539,148,ANXA7,79,28,5.7,1.5,1.5,0,0,yes,2,1,1
580,114,APIP,433,953,9.4,-1.1,1.1,0,0,yes,2,1,1
583,261,APMAP,16,41,4.8,-1.4,1.4,0,0.02,yes,2,1,1
588,181,APOLD1,80,26,5.7,1.6,1.6,0,0,yes,2,1,1
590,140,APOOL,152,57,6.7,1.4,1.4,0,0,yes,2,1,1
614,121,ARF3,45,99,6.2,-1.2,1.2,0,0.03,yes,2,1,1
659,152,ARHGDIG,27,55,5.4,-1,1,0,0.03,yes,2,1,1
660,180,ARHGEF10,57,16,5.2,1.8,1.8,0,0,yes,2,1,1
663,146,ARHGEF16,6,17,3.5,-1.5,1.5,0,0.03,yes,1,1,1
672,302,ARHGEF38,79,10,5.5,3,3,0,0,yes,2,1,1
673,133,ARHGEF39,5164,2056,11.8,1.3,1.3,0,0,yes,2,1,1
678,115,ARHGEF9,96,45,6.1,1.1,1.1,0.01,0.05,yes,2,1,1
730,119,ARPC4,1832,4167,11.6,-1.2,1.2,0,0,yes,2,1,1
735,123,ARRDC1,40,81,5.9,-1,1,0,0.01,yes,2,1,1
771,116,ASCC3,497,222,8.5,1.2,1.2,0,0,yes,2,1,1
782,148,ASMT,38,107,6.2,-1.5,1.5,0,0,yes,2,1,1
823,108,ATG4C,1307,618,9.9,1.1,1.1,0,0,yes,2,1,1
835,201,ATP10A,15,43,4.9,-1.6,1.6,0,0.01,yes,2,1,1
846,151,ATP1A1,225,563,8.6,-1.3,1.3,0,0,yes,2,1,1
855,149,ATP2B4,310,684,9,-1.1,1.1,0,0.03,yes,2,1,1
920,138,AUH,26,52,5.3,-1,1,0,0.01,yes,2,1,1
934,169,B3GALNT1,23,63,5.4,-1.5,1.5,0,0,yes,2,1,1
944,180,B3GNT5,345,99,7.8,1.8,1.8,0,0,yes,2,1,1
950,174,B4GALT1,110,307,7.7,-1.5,1.5,0,0,yes,2,1,1
954,143,B4GALT5,32,86,5.9,-1.4,1.4,0,0.01,yes,2,1,1
957,189,B9D1,3,13,3,-1.9,1.9,0,0.01,yes,1,1,1
974,220,BAK1,8,24,4,-1.5,1.5,0,0.03,yes,1,1,1
975,163,BAMBI,2380,767,10.6,1.6,1.6,0,0,yes,2,1,1
977,258,BANK1,65,189,7,-1.5,1.5,0,0.02,yes,2,1,1
984,152,BASP1,240,689,8.9,-1.5,1.5,0,0,yes,2,1,1
991,412,BBOX1,29,2,4,4.1,4.1,0,0,yes,1,1,1
1001,269,BCAR1,225,75,7.2,1.6,1.6,0,0,yes,2,1,1
1002,207,BCAR3,38,9,4.6,2.1,2.1,0,0,yes,1,1,1
1007,143,BCCIP,83,186,7.1,-1.2,1.2,0,0,yes,2,1,1
1027,374,BCO2,59,10,5.1,2.5,2.5,0,0,yes,2,1,1
1073,161,BLNK,48,137,6.5,-1.5,1.5,0,0.02,yes,2,1,1
1112,135,BORCS7,57,147,6.7,-1.3,1.3,0,0,yes,2,1,1
1114,133,BPGM,162,79,6.9,1,1,0,0.02,yes,2,1,1
1124,194,BRCA1,1753,624,10.2,1.5,1.5,0,0,yes,2,1,1
1143,129,BRMS1L,1383,625,10,1.1,1.1,0,0,yes,2,1,1
1206,168,C2CD3,987,307,9.3,1.7,1.7,0,0,yes,2,1,1
1216,208,C9orf72,276,1061,9.4,-1.9,1.9,0,0,yes,2,1,1
1230,160,CABLES1,3,11,2.8,-1.6,1.6,0,0.01,yes,1,1,1
1285,129,CAMK2D,87,175,7,-1,1,0,0.01,yes,2,1,1
1289,152,CAMKK2,82,195,7.1,-1.3,1.3,0,0.01,yes,2,1,1
1357,236,CAVIN2,31,67,5.6,-1.1,1.1,0,0.01,yes,2,1,1
1379,111,CC2D1B,1794,831,10.4,1.1,1.1,0,0,yes,2,1,1
1383,115,CCDC102A,8,19,3.8,-1.2,1.2,0.01,0.05,yes,1,1,1
1394,175,CCDC126,1428,473,9.9,1.6,1.6,0,0,yes,2,1,1
1404,310,CCDC15,17,38,4.8,-1.2,1.2,0,0.03,yes,2,1,1
1406,170,CCDC157,434,201,8.3,1.1,1.1,0,0.01,yes,2,1,1
1424,137,CCDC27,14,6,3.3,1.3,1.3,0.01,0.05,yes,1,1,1
1438,208,CCDC57,302,72,7.5,2.1,2.1,0,0,yes,2,1,1
1446,428,CCDC66,14,277,7.2,-4.3,4.3,0,0,yes,2,1,1
1447,153,CCDC69,24,61,5.4,-1.4,1.4,0.01,0.04,yes,2,1,1
1455,164,CCDC84,1035,413,9.5,1.3,1.3,0,0,yes,2,1,1
1478,175,CCNA2,7,21,3.8,-1.6,1.6,0.01,0.05,yes,1,1,1
1489,276,CCNG1,3761,554,11.1,2.8,2.8,0,0,yes,2,1,1
1509,167,CCSER2,19,44,5,-1.2,1.2,0.01,0.04,yes,2,1,1
1514,127,CCT6A,2149,894,10.6,1.3,1.3,0,0,yes,2,1,1
1519,280,CD109,4,32,4.2,-2.8,2.8,0,0,yes,1,1,1
1521,103,CD151,558,1139,9.7,-1,1,0,0,yes,2,1,1
1528,103,CD28,35,72,5.7,-1,1,0.01,0.04,yes,2,1,1
1532,128,CD4,60,142,6.7,-1.2,1.2,0.01,0.04,yes,2,1,1
1533,153,CD40,49,114,6.3,-1.2,1.2,0,0.02,yes,2,1,1
1537,107,CD48,298,625,8.9,-1.1,1.1,0,0,yes,2,1,1
1542,283,CD79B,91,391,7.9,-2.1,2.1,0,0.01,yes,2,1,1
1545,235,CD82,155,648,8.6,-2.1,2.1,0,0,yes,2,1,1
1550,161,CD96,33,69,5.7,-1.1,1.1,0.01,0.04,yes,2,1,1
1557,143,CDC14B,5251,1956,11.8,1.4,1.4,0,0,yes,2,1,1
1561,134,CDC23,20,52,5.2,-1.3,1.3,0,0.01,yes,2,1,1
1582,202,CDCA7,11,40,4.7,-1.9,1.9,0,0,yes,2,1,1
1606,121,CDHR5,6,13,3.2,-1.2,1.2,0.01,0.04,yes,1,1,1
1621,104,CDK5RAP2,895,436,9.4,1,1,0,0,yes,2,1,1
1634,328,CDKN3,1,12,2.7,-3.2,3.2,0,0.02,yes,1,1,1
1687,104,CEP164,30,15,4.5,1,1,0,0.03,yes,2,1,1
1706,152,CEP83,15,37,4.7,-1.3,1.3,0,0.03,yes,2,1,1
1720,183,CERS5,685,192,8.8,1.8,1.8,0,0,yes,2,1,1
1752,218,CFD,90,406,8,-2.2,2.2,0,0,yes,2,1,1
1754,235,CFH,5,21,3.7,-2.2,2.2,0,0.03,yes,1,1,1
1787,101,CHEK1,54,27,5.3,1,1,0,0.03,yes,2,1,1
1810,109,CHORDC1,3698,1741,11.4,1.1,1.1,0,0.03,yes,2,1,1
1839,161,CHST12,13,41,4.8,-1.6,1.6,0,0.01,yes,2,1,1
1844,125,CHST3,10,22,4,-1.1,1.1,0.01,0.04,yes,2,1,1
1851,113,CHTF8,10,22,4,-1.1,1.1,0,0.03,yes,2,1,1
1861,119,CIDEA,141,321,7.9,-1.2,1.2,0,0,yes,2,1,1
1885,104,CLASP2,1189,580,9.8,1,1,0,0,yes,2,1,1
1925,110,CLN6,15,33,4.6,-1.1,1.1,0.01,0.04,yes,2,1,1
1948,142,CLUH,6739,2526,12.2,1.4,1.4,0,0,yes,2,1,1
1954,400,CMBL,9561,597,12.3,4,4,0,0,yes,2,1,1
1985,102,CNN2,409,829,9.3,-1,1,0,0,yes,2,1,1
1988,161,CNNM2,255,84,7.4,1.6,1.6,0,0,yes,2,1,1
2000,155,CNP,106,263,7.5,-1.3,1.3,0,0.02,yes,2,1,1
2022,192,COBL,15,50,5,-1.8,1.8,0,0.03,yes,2,1,1
2064,337,COL6A6,93,9,5.7,3.4,3.4,0,0,yes,1,1,1
2131,136,CPEB3,303,122,7.7,1.3,1.3,0,0,yes,2,1,1
2138,189,CPM,174,645,8.7,-1.9,1.9,0,0,yes,2,1,1
2140,420,CPN2,690,84,8.6,3,3,0,0,yes,2,1,1
2149,426,CPO,1,15,3,-4.3,4.3,0,0,yes,1,1,1
2169,110,CRADD,20,43,5,-1.1,1.1,0,0.01,yes,2,1,1
2180,107,CREB3L3,19,39,4.9,-1,1,0.01,0.04,yes,2,1,1
2196,153,CRISPLD2,71,175,6.9,-1.3,1.3,0,0.01,yes,2,1,1
2224,113,CRYL1,143,65,6.7,1.1,1.1,0,0,yes,2,1,1
2236,161,CSF3R,451,1081,9.6,-1.3,1.3,0.01,0.04,yes,2,1,1
2258,120,CST7,472,1085,9.6,-1.2,1.2,0,0,yes,2,1,1
2264,147,CTBS,50,115,6.4,-1.2,1.2,0,0.01,yes,2,1,1
2265,152,CTC1,9,26,4.1,-1.5,1.5,0,0.02,yes,1,1,1
2293,111,CTSD,30143,63220,15.5,-1.1,1.1,0,0,yes,2,1,1
2307,172,CUEDC1,28,91,5.9,-1.7,1.7,0,0,yes,2,1,1
2322,157,CUNH11orf49,4,10,2.8,-1.4,1.4,0,0.02,yes,1,1,1
2330,119,CUNH12orf10,13,31,4.5,-1.2,1.2,0.01,0.04,yes,2,1,1
2356,173,CUNH17orf58,20,7,3.8,1.5,1.5,0,0.02,yes,1,1,1
2364,138,CUNH19orf12,292,112,7.7,1.4,1.4,0,0.02,yes,2,1,1
2382,205,CUNH1orf74,77,218,7.2,-1.5,1.5,0,0,yes,2,1,1
2383,405,CUNH20orf194,10,38,4.6,-1.9,1.9,0,0.02,yes,2,1,1
2384,148,CUNH20orf204,19,52,5.1,-1.5,1.5,0,0,yes,2,1,1
2390,126,CUNH22orf15,37,16,4.7,1.3,1.3,0,0,yes,2,1,1
2397,148,CUNH2orf76,42,117,6.3,-1.5,1.5,0,0,yes,2,1,1
2417,140,CUNH5orf51,282,646,8.9,-1.2,1.2,0,0,yes,2,1,1
2429,133,CUNH8orf37,27,67,5.6,-1.3,1.3,0,0,yes,2,1,1
2434,114,CUNH9orf16,32,65,5.6,-1,1,0,0.02,yes,2,1,1
2458,154,CYFIP2,205,550,8.6,-1.4,1.4,0,0.01,yes,2,1,1
2493,119,DAPP1,72,153,6.8,-1.1,1.1,0,0.01,yes,2,1,1
2504,422,DBNDD2,140,8,6.2,4.2,4.2,0,0,yes,1,1,1
2506,107,DBR1,1437,687,10.1,1.1,1.1,0,0,yes,2,1,1
2507,240,DBT,3,17,3.3,-2.4,2.4,0,0,yes,1,1,1
2515,117,DCAF4,185,416,8.2,-1.2,1.2,0,0,yes,2,1,1
2523,638,DCDC2,43,1,4.5,6.4,6.4,0,0,yes,1,1,1
2535,506,DCP1B,11,373,7.6,-5.1,5.1,0,0,yes,2,1,1
2547,192,DCTN6,221,81,7.2,1.4,1.4,0,0,yes,2,1,1
2569,241,DDX11,824,155,8.9,2.4,2.4,0,0,yes,2,1,1
2601,167,DEK,2343,902,10.7,1.4,1.4,0,0,yes,2,1,1
2610,101,DENND2D,71,144,6.7,-1,1,0,0,yes,2,1,1
2614,258,DENND4C,497,83,8.2,2.6,2.6,0,0,yes,2,1,1
2621,283,DEPDC1B,23,4,3.8,2.4,2.4,0,0,yes,1,1,1
2649,109,DHCR24,25,52,5.3,-1.1,1.1,0,0.02,yes,2,1,1
2650,295,DHCR7,86,15,5.7,2.6,2.6,0,0,yes,2,1,1
2653,225,DHH,100,38,6.1,1.4,1.4,0,0,yes,2,1,1
2663,129,DHRSX,11,27,4.2,-1.3,1.3,0,0.01,yes,2,1,1
2694,106,DIPK2A,52,25,5.3,1.1,1.1,0,0.01,yes,2,1,1
2721,258,DLGAP3,34,15,4.6,1.2,1.2,0.01,0.04,yes,2,1,1
2753,105,DNAH17,2366,1145,10.8,1,1,0,0.02,yes,2,1,1
2770,132,DNAJB5,380,152,8.1,1.3,1.3,0,0.02,yes,2,1,1
2775,126,DNAJC10,64,131,6.6,-1,1,0,0,yes,2,1,1
2799,140,DNASE2B,178,359,8.1,-1,1,0,0.02,yes,2,1,1
2803,147,DNM1,148,56,6.7,1.4,1.4,0,0.03,yes,2,1,1
2825,112,DOK1,119,251,7.5,-1.1,1.1,0,0.03,yes,2,1,1
2828,220,DOK5,7,24,4,-1.8,1.8,0,0.01,yes,1,1,1
2851,130,DPP4,9,22,4,-1.3,1.3,0.01,0.04,yes,1,1,1
2885,338,DSCC1,22,223,6.9,-3.4,3.4,0,0,yes,2,1,1
2895,144,DTD2,35,88,5.9,-1.4,1.4,0,0.02,yes,2,1,1
2906,184,DTX4,32,65,5.6,-1.1,1.1,0,0.02,yes,2,1,1
2917,495,DUSP14,9,277,7.2,-5,5,0,0,yes,1,1,1
2918,310,DUSP15,17,57,5.2,-1.8,1.8,0,0.03,yes,2,1,1
2922,133,DUSP23,35,14,4.6,1.3,1.3,0,0.03,yes,2,1,1
2966,157,EBAG9,153,388,8.1,-1.3,1.3,0,0,yes,2,1,1
2967,246,EBF1,8,28,4.2,-1.7,1.7,0.01,0.04,yes,1,1,1
2976,220,ECHDC3,793,198,9,2,2,0,0,yes,2,1,1
2985,400,EDA,19,297,7.3,-4,4,0,0,yes,2,1,1
3016,249,EEPD1,20,104,6,-2.4,2.4,0,0,yes,2,1,1
3025,262,EFHB,37,14,4.7,1.4,1.4,0,0.02,yes,2,1,1
3044,114,EGLN3,42,92,6.1,-1.1,1.1,0,0.01,yes,2,1,1
3061,106,EIF2AK4,783,376,9.2,1.1,1.1,0,0,yes,2,1,1
3124,171,ELOVL5,2335,715,10.6,1.7,1.7,0,0,yes,2,1,1
3135,103,EMC2,95,47,6.1,1,1,0,0,yes,2,1,1
3146,129,EML4,250,102,7.5,1.3,1.3,0,0,yes,2,1,1
3150,253,EMP2,9,39,4.6,-2.1,2.1,0,0,yes,1,1,1
3154,124,ENAH,314,133,7.8,1.2,1.2,0,0,yes,2,1,1
3159,147,ENDOV,53,124,6.5,-1.2,1.2,0,0.01,yes,2,1,1
3163,104,ENKD1,242,499,8.5,-1,1,0,0,yes,2,1,1
3166,194,ENO2,103,43,6.2,1.2,1.2,0,0.02,yes,2,1,1
3168,228,ENOPH1,2139,441,10.3,2.3,2.3,0,0,yes,2,1,1
3176,225,ENPP5,1037,219,9.3,2.2,2.2,0,0,yes,2,1,1
3199,199,EPB41L5,100,399,8,-2,2,0,0,yes,2,1,1
3213,151,EPHB1,16,45,4.9,-1.5,1.5,0,0.01,yes,2,1,1
3230,128,ERBB2,19,45,5,-1.2,1.2,0.01,0.04,yes,2,1,1
3237,100,ERCC5,834,416,9.3,1,1,0,0,yes,2,1,1
3271,245,ESD,1080,251,9.4,2.1,2.1,0,0,yes,2,1,1
3288,155,ETFBKMT,756,2216,10.5,-1.6,1.6,0,0,yes,2,1,1
3300,270,ETV7,54,160,6.7,-1.6,1.6,0,0.01,yes,2,1,1
3308,122,EVL,183,372,8.1,-1,1,0,0.03,yes,2,1,1
3314,205,EXO1,4,14,3.2,-1.7,1.7,0.01,0.04,yes,1,1,1
3332,165,EXOSC7,7,20,3.8,-1.4,1.4,0,0.03,yes,1,1,1
3363,237,FAAP20,2,11,2.7,-2.4,2.4,0,0,yes,1,1,1
3364,165,FAAP24,11,35,4.5,-1.6,1.6,0,0,yes,2,1,1
3367,166,FABP3,82,180,7,-1.1,1.1,0,0.03,yes,2,1,1
3376,127,FAIM,135,56,6.6,1.3,1.3,0,0,yes,2,1,1
3385,184,FAM114A1,8,22,3.9,-1.5,1.5,0,0,yes,1,1,1
3399,193,FAM135A,436,114,8.1,1.9,1.9,0,0,yes,2,1,1
3401,243,FAM13A,630,117,8.5,2.4,2.4,0,0,yes,2,1,1
3405,143,FAM149B1,16,43,4.9,-1.4,1.4,0,0,yes,2,1,1
3413,138,FAM161B,1096,511,9.7,1.1,1.1,0,0,yes,2,1,1
3422,585,FAM169A,4,248,7,-5.8,5.8,0,0,yes,1,1,1
3430,203,FAM180B,16,4,3.3,2,2,0,0.03,yes,1,1,1
3437,199,FAM189A2,10,2,2.6,2,2,0,0.01,yes,1,1,1
3450,178,FAM217B,16,51,5.1,-1.7,1.7,0,0,yes,2,1,1
3452,148,FAM219B,85,240,7.3,-1.5,1.5,0,0,yes,2,1,1
3454,731,FAM222A,110,4,5.8,4.8,4.8,0,0,yes,1,1,1
3492,106,FANCD2,251,121,7.5,1.1,1.1,0,0,yes,2,1,1
3514,217,FAXC,6,17,3.5,-1.4,1.4,0.01,0.05,yes,1,1,1
3536,168,FBXL22,13,4,3.1,1.7,1.7,0,0.01,yes,1,1,1
3564,105,FBXO48,223,109,7.4,1,1,0,0,yes,2,1,1
3571,218,FBXW4,1652,447,10,1.9,1.9,0,0,yes,2,1,1
3578,167,FCHSD2,6,18,3.6,-1.7,1.7,0,0,yes,1,1,1
3581,299,FDFT1,1870,322,10.1,2.5,2.5,0,0,yes,2,1,1
3590,109,FEN1,58,124,6.5,-1.1,1.1,0,0,yes,2,1,1
3596,137,FES,1580,4087,11.5,-1.4,1.4,0,0,yes,2,1,1
3617,175,FGF18,130,65,6.6,1,1,0,0.01,yes,2,1,1
3672,187,FKBP9,604,183,8.6,1.7,1.7,0,0,yes,2,1,1
3682,532,FLT1,1,35,4.2,-5.3,5.3,0,0,yes,1,1,1
3683,222,FLT3,24,110,6.1,-2.2,2.2,0,0,yes,2,1,1
3686,126,FLVCR2,10,24,4.1,-1.3,1.3,0.01,0.05,yes,2,1,1
3696,179,FN1,586,1510,10,-1.4,1.4,0.01,0.05,yes,2,1,1
3706,255,FNDC4,3,16,3.2,-2.5,2.5,0,0,yes,1,1,1
3743,169,FOXRED2,35,16,4.7,1.1,1.1,0,0.01,yes,2,1,1
3752,544,FRMD3,15,0,2.9,5.3,5.3,0,0,yes,1,1,1
3768,101,FSBP,48,24,5.2,1,1,0,0,yes,2,1,1
3783,110,FUBP1,2123,989,10.6,1.1,1.1,0,0,yes,2,1,1
3824,141,GABARAPL1,322,141,7.9,1.2,1.2,0,0,yes,2,1,1
3826,178,GABBR1,38,17,4.8,1.2,1.2,0,0.02,yes,2,1,1
3844,350,GABRR3,11,2,2.7,2.4,2.4,0,0,yes,1,1,1
3845,254,GAD1,84,14,5.6,2.5,2.5,0,0,yes,2,1,1
3856,121,GALM,13,29,4.4,-1.2,1.2,0.01,0.04,yes,2,1,1
3876,323,GALR2,8,75,5.4,-3.2,3.2,0,0,yes,1,1,1
3877,233,GALR3,14,70,5.4,-2.3,2.3,0,0,yes,2,1,1
3878,209,GALT,14,57,5.1,-2.1,2.1,0,0,yes,2,1,1
3902,187,GATAD1,248,905,9.2,-1.9,1.9,0,0,yes,2,1,1
3937,179,GDAP1L1,21,6,3.8,1.8,1.8,0,0.03,yes,1,1,1
3954,320,GEM,8,57,5,-2.9,2.9,0,0,yes,1,1,1
3999,185,GINS2,6,23,3.9,-1.9,1.9,0,0,yes,1,1,1
4019,380,GJD4,18,1,3.2,3.8,3.8,0,0,yes,1,1,1
4024,179,GLA,358,1235,9.6,-1.8,1.8,0,0,yes,2,1,1
4025,154,GLB1,15,36,4.7,-1.3,1.3,0,0.01,yes,2,1,1
4061,230,GM2A,179,690,8.8,-1.9,1.9,0,0,yes,2,1,1
4063,140,GMDS,18,46,5,-1.3,1.3,0,0.01,yes,2,1,1
4068,144,GMNN,15,6,3.4,1.4,1.4,0.01,0.04,yes,1,1,1
4099,128,GNPNAT1,15,37,4.7,-1.3,1.3,0,0,yes,2,1,1
4119,151,GORAB,471,165,8.3,1.5,1.5,0,0,yes,2,1,1
4120,119,GORASP1,419,930,9.4,-1.1,1.1,0,0,yes,2,1,1
4129,338,GPA33,1,14,2.9,-3.4,3.4,0,0.01,yes,1,1,1
4138,145,GPATCH4,200,545,8.5,-1.4,1.4,0,0,yes,2,1,1
4153,285,GPHN,226,31,7,2.8,2.8,0,0,yes,2,1,1
4182,200,GPR162,21,84,5.7,-2,2,0,0,yes,2,1,1
4208,295,GPR68,1,10,2.5,-2.9,2.9,0,0,yes,1,1,1
4220,711,GPRIN2,0,39,4.3,-7.1,7.1,0,0,yes,1,1,1
4227,204,GPX3,2,10,2.6,-2,2,0,0.03,yes,1,1,1
4233,157,GRAMD2A,6,18,3.6,-1.5,1.5,0,0.01,yes,1,1,1
4235,163,GRAMD4,340,110,7.8,1.6,1.6,0,0,yes,2,1,1
4272,545,GRK5,2,19,3.4,-3.3,3.3,0,0,yes,1,1,1
4283,226,GRP,19,4,3.5,2.3,2.3,0,0,yes,1,1,1
4288,156,GRTP1,13,29,4.4,-1.2,1.2,0.01,0.04,yes,2,1,1
4324,208,GTF3A,6,16,3.5,-1.5,1.5,0,0,yes,1,1,1
4354,337,GYPC,35,6,4.4,2.6,2.6,0,0,yes,1,1,1
4377,104,HAPLN3,164,336,8,-1,1,0,0.02,yes,2,1,1
4390,102,HBEGF,155,313,7.9,-1,1,0,0.03,yes,2,1,1
4394,137,HCK,168,434,8.2,-1.4,1.4,0,0.01,yes,2,1,1
4404,128,HDAC3,7190,3527,12.4,1,1,0,0.01,yes,2,1,1
4405,133,HDAC4,312,148,7.8,1.1,1.1,0,0.01,yes,2,1,1
4407,117,HDAC7,130,292,7.7,-1.2,1.2,0,0,yes,2,1,1
4432,266,HECW2,3,18,3.4,-2.7,2.7,0,0.02,yes,1,1,1
4440,128,HEMK1,6,16,3.5,-1.3,1.3,0,0.03,yes,1,1,1
4472,182,HHIPL1,163,66,6.8,1.3,1.3,0,0,yes,2,1,1
4475,204,HHLA2,51,201,7,-2,2,0,0,yes,2,1,1
4492,115,HIPK2,26,58,5.4,-1.2,1.2,0,0.03,yes,2,1,1
4561,345,HOXA3,38,4,4.4,3.2,3.2,0,0,yes,1,1,1
4562,225,HOXA4,95,20,5.8,2.3,2.3,0,0,yes,2,1,1
4581,301,HPCAL4,25,5,3.9,2.1,2.1,0,0.01,yes,1,1,1
4594,125,HRAS,12167,5296,13.1,1.2,1.2,0,0,yes,2,1,1
4616,177,HSD17B7,365,168,8.1,1.1,1.1,0,0.01,yes,2,1,1
4620,545,HSF2BP,1,14,2.9,-3.7,3.7,0.01,0.04,yes,1,1,1
4623,210,HSP90AB1,5628,1316,11.8,2.1,2.1,0,0,yes,2,1,1
4631,143,HSPA4L,4611,1713,11.6,1.4,1.4,0.01,0.04,yes,2,1,1
4645,171,HSPH1,962,316,9.3,1.6,1.6,0,0.02,yes,2,1,1
4670,126,HYLS1,82,197,7.1,-1.3,1.3,0,0,yes,2,1,1
4701,131,IFITM10,65,160,6.8,-1.3,1.3,0,0.02,yes,2,1,1
4702,347,IFITM5,26,5,4,2.5,2.5,0,0,yes,1,1,1
4710,209,IFT122,252,59,7.3,2.1,2.1,0,0,yes,2,1,1
4715,118,IFT27,92,41,6.1,1.2,1.2,0,0,yes,2,1,1
4723,195,IFT88,62,16,5.3,2,2,0,0,yes,2,1,1
4747,111,IGSF6,28,60,5.5,-1.1,1.1,0,0.03,yes,2,1,1
4754,164,IKBKE,74,195,7.1,-1.4,1.4,0,0.01,yes,2,1,1
4761,147,IL10RA,16,46,5,-1.5,1.5,0,0.01,yes,2,1,1
4769,120,IL16,100,230,7.4,-1.2,1.2,0,0.02,yes,2,1,1
4783,124,IL1RL1,173,73,6.9,1.2,1.2,0,0.03,yes,2,1,1
4788,381,IL22RA2,465,69,8.1,2.8,2.8,0,0,yes,2,1,1
4804,102,ILF2,147,299,7.8,-1,1,0,0,yes,2,1,1
4813,106,IMPA1,232,111,7.4,1.1,1.1,0,0,yes,2,1,1
4815,156,IMPACT,13,31,4.5,-1.2,1.2,0,0.01,yes,2,1,1
4831,255,INIP,100,585,8.4,-2.6,2.6,0,0,yes,2,1,1
4844,181,INPP5J,1908,943,10.5,1,1,0,0,yes,2,1,1
4885,128,IQCB1,179,362,8.1,-1,1,0,0.03,yes,2,1,1
4960,142,ITPR1,67,157,6.8,-1.2,1.2,0,0.01,yes,2,1,1
4964,137,ITPRIP,56,117,6.4,-1.1,1.1,0,0.01,yes,2,1,1
4986,134,JAZF1,112,44,6.3,1.3,1.3,0,0.03,yes,2,1,1
4987,186,JCAD,36,132,6.4,-1.9,1.9,0,0,yes,2,1,1
4995,254,JMJD7,238,55,7.2,2.1,2.1,0,0,yes,2,1,1
5022,517,KATNAL2,10,1,2.5,3.4,3.4,0,0,yes,1,1,1
5025,439,KAZALD1,218,13,6.9,4.1,4.1,0,0,yes,2,1,1
5031,181,KBTBD3,36,18,4.8,1.1,1.1,0,0.01,yes,2,1,1
5072,231,KCNJ5,16,78,5.6,-2.3,2.3,0,0,yes,2,1,1
5144,181,KIAA0040,39,117,6.3,-1.6,1.6,0,0,yes,2,1,1
5147,714,KIAA0319,22,0,3.5,6.3,6.3,0,0,yes,1,1,1
5150,272,KIAA0513,4,27,4,-2.7,2.7,0,0,yes,1,1,1
5189,141,KIF20A,47,18,5,1.4,1.4,0,0,yes,2,1,1
5191,286,KIF21A,10,1,2.5,2.5,2.5,0,0.01,yes,1,1,1
5217,296,KIZ,4,16,3.3,-1.8,1.8,0,0.01,yes,1,1,1
5223,411,KLF11,2384,238,10.4,3.3,3.3,0,0,yes,2,1,1
5242,141,KLHL10,18,48,5,-1.4,1.4,0,0.01,yes,2,1,1
5261,122,KLHL30,70,30,5.6,1.2,1.2,0,0.02,yes,2,1,1
5287,119,KNOP1,13,29,4.4,-1.2,1.2,0.01,0.05,yes,2,1,1
5350,108,LARGE2,22,48,5.1,-1.1,1.1,0,0,yes,2,1,1
5386,574,LDHD,1,56,4.8,-5.7,5.7,0,0,yes,1,1,1
5389,103,LDLRAD4,443,217,8.4,1,1,0,0.01,yes,2,1,1
5405,158,LGALS2,34,72,5.7,-1.1,1.1,0,0.02,yes,2,1,1
5417,144,LHFPL2,20,51,5.1,-1.4,1.4,0,0,yes,2,1,1
5421,168,LHPP,9,23,4,-1.3,1.3,0,0.01,yes,1,1,1
5433,267,LIMA1,37,8,4.5,2.2,2.2,0,0,yes,1,1,1
5458,218,LIPT2,109,28,6.1,1.9,1.9,0,0,yes,2,1,1
5479,133,LMO1,28,11,4.3,1.3,1.3,0.01,0.04,yes,2,1,1
5484,207,LMOD1,28,13,4.4,1.1,1.1,0.01,0.04,yes,2,1,1
5530,182,LOC102031653,10,34,4.5,-1.8,1.8,0,0,yes,2,1,1
5539,119,LOC102031703,56,128,6.5,-1.2,1.2,0,0,yes,2,1,1
5575,358,LOC102031948,1415,448,9.9,1.7,1.7,0,0,yes,2,1,1
5605,184,LOC102032192,13,35,4.6,-1.4,1.4,0,0.01,yes,2,1,1
5608,333,LOC102032244,46,8,4.8,2.6,2.6,0,0,yes,1,1,1
5620,191,LOC102032342,73,33,5.7,1.1,1.1,0,0,yes,2,1,1
5654,213,LOC102032578,10046,2299,12.6,2.1,2.1,0,0,yes,2,1,1
5710,151,LOC102032919,466,1060,9.6,-1.2,1.2,0,0.01,yes,2,1,1
5721,232,LOC102032987,9,27,4.2,-1.6,1.6,0,0.03,yes,1,1,1
5745,143,LOC102033140,246,608,8.7,-1.3,1.3,0,0.02,yes,2,1,1
5764,125,LOC102033264,67,28,5.6,1.2,1.2,0,0,yes,2,1,1
5808,270,LOC102033548,162,25,6.5,2.7,2.7,0,0,yes,2,1,1
5815,340,LOC102033595,55,12,5.1,2.2,2.2,0,0.03,yes,2,1,1
5816,111,LOC102033608,6,13,3.2,-1.1,1.1,0,0.03,yes,1,1,1
5825,218,LOC102033675,12,3,2.9,1.8,1.8,0,0.01,yes,1,1,1
5862,251,LOC102033968,7,38,4.5,-2.5,2.5,0,0,yes,1,1,1
5895,258,LOC102034174,17,99,5.9,-2.6,2.6,0,0,yes,2,1,1
5909,122,LOC102034256,82,182,7,-1.2,1.2,0,0,yes,2,1,1
5928,161,LOC102034361,42,113,6.3,-1.4,1.4,0,0.03,yes,2,1,1
5933,384,LOC102034377,2345,14033,13,-2.6,2.6,0,0,yes,2,1,1
5935,160,LOC102034401,7,20,3.8,-1.5,1.5,0,0.02,yes,1,1,1
5937,178,LOC102034411,174,600,8.6,-1.8,1.8,0,0,yes,2,1,1
5966,178,LOC102034582,15,35,4.6,-1.3,1.3,0,0.03,yes,2,1,1
5970,232,LOC102034601,10,2,2.6,2.1,2.1,0,0.02,yes,1,1,1
5983,306,LOC102034661,19,2,3.4,3.1,3.1,0,0.01,yes,1,1,1
5995,579,LOC102034805,56,2372,10.2,-5.4,5.4,0,0,yes,2,1,1
6044,409,LOC102035141,177,40,6.8,2.2,2.2,0,0.01,yes,2,1,1
6061,576,LOC102035260,10,1,2.5,3.9,3.9,0,0,yes,1,1,1
6064,155,LOC102035272,94,255,7.4,-1.4,1.4,0,0,yes,2,1,1
6095,116,LOC102035538,47,21,5.1,1.2,1.2,0,0.02,yes,2,1,1
6113,263,LOC102035702,3,18,3.4,-2.6,2.6,0,0,yes,1,1,1
6130,601,LOC102035828,0,11,2.5,-5.6,5.6,0,0.01,yes,1,1,1
6141,173,LOC102035897,494,198,8.4,1.3,1.3,0,0.01,yes,2,1,1
6156,126,LOC102035962,3267,1522,11.2,1.1,1.1,0,0,yes,2,1,1
6159,171,LOC102035972,12,29,4.4,-1.3,1.3,0,0.02,yes,2,1,1
6170,104,LOC102036039,2734,5636,12,-1,1,0,0,yes,2,1,1
6176,102,LOC102036087,22,44,5,-1,1,0,0.03,yes,2,1,1
6188,657,LOC102036126,13,1,2.8,4.2,4.2,0,0,yes,1,1,1
6199,155,LOC102036181,13987,6739,13.3,1.1,1.1,0,0,yes,2,1,1
6231,147,LOC102036349,38,108,6.2,-1.5,1.5,0,0,yes,2,1,1
6241,168,LOC102036423,48,113,6.3,-1.2,1.2,0,0.01,yes,2,1,1
6269,330,LOC102036614,2,16,3.2,-3.3,3.3,0,0.01,yes,1,1,1
6288,152,LOC102036739,46,131,6.5,-1.5,1.5,0,0,yes,2,1,1
6291,205,LOC102036753,41,172,6.7,-2.1,2.1,0,0,yes,2,1,1
6292,255,LOC102036759,34,130,6.4,-1.9,1.9,0,0.01,yes,2,1,1
6293,140,LOC102036771,33,72,5.7,-1.1,1.1,0.01,0.05,yes,2,1,1
6295,216,LOC102036781,12,52,5,-2.1,2.1,0,0,yes,2,1,1
6298,210,LOC102036786,24,73,5.6,-1.6,1.6,0,0.03,yes,2,1,1
6305,686,LOC102036849,25,0,3.6,6.9,6.9,0,0,yes,1,1,1
6314,542,LOC102036895,1,11,2.6,-4.2,4.2,0,0.02,yes,1,1,1
6330,195,LOC102036968,47,122,6.4,-1.4,1.4,0,0,yes,2,1,1
6332,294,LOC102036983,20,75,5.6,-1.9,1.9,0,0.03,yes,2,1,1
6337,448,LOC102037024,2878,129,10.6,4.5,4.5,0,0,yes,2,1,1
6359,158,LOC102037191,212,493,8.5,-1.2,1.2,0,0.03,yes,2,1,1
6368,217,LOC102037238,2368,1100,10.8,1.1,1.1,0,0,yes,2,1,1
6397,149,LOC102037450,11,31,4.4,-1.5,1.5,0,0.03,yes,2,1,1
6418,131,LOC102037614,10,24,4.1,-1.3,1.3,0,0,yes,2,1,1
6424,128,LOC102037641,43,105,6.2,-1.3,1.3,0.01,0.04,yes,2,1,1
6449,607,LOC102037801,1,16,3.1,-4.2,4.2,0,0,yes,1,1,1
6467,400,LOC102037914,25,237,7,-3.2,3.2,0,0.01,yes,2,1,1
6479,325,LOC102038003,10,2,2.6,2.4,2.4,0.01,0.05,yes,1,1,1
6483,155,LOC102038020,13,31,4.5,-1.2,1.2,0.01,0.04,yes,2,1,1
6506,177,LOC102038164,93,318,7.7,-1.8,1.8,0,0,yes,2,1,1
6513,143,LOC102038195,66,144,6.7,-1.1,1.1,0.01,0.04,yes,2,1,1
6523,186,LOC102038263,2048,771,10.5,1.4,1.4,0,0,yes,2,1,1
6574,181,LOC102038574,6,22,3.8,-1.7,1.7,0,0,yes,1,1,1
6577,335,LOC102038583,30,91,5.9,-1.6,1.6,0,0.02,yes,2,1,1
6578,178,LOC102038590,10,3,2.7,1.8,1.8,0,0.03,yes,1,1,1
6586,140,LOC102038614,44,116,6.3,-1.4,1.4,0,0,yes,2,1,1
6603,325,LOC102038749,2,23,3.6,-3.2,3.2,0,0,yes,1,1,1
6604,280,LOC102038751,7,21,3.8,-1.6,1.6,0,0.02,yes,1,1,1
6620,400,LOC102038864,97,433,8,-2.2,2.2,0,0,yes,2,1,1
6627,586,LOC102038924,4,66,5.1,-3.9,3.9,0,0,yes,1,1,1
6678,115,LOC102039262,68,150,6.8,-1.2,1.2,0,0,yes,2,1,1
6679,244,LOC102039264,11,29,4.3,-1.4,1.4,0.01,0.04,yes,2,1,1
6680,119,LOC102039265,171,390,8.1,-1.2,1.2,0,0,yes,2,1,1
6682,293,LOC102039268,7,53,4.9,-2.8,2.8,0,0,yes,1,1,1
6706,199,LOC102039398,4,17,3.4,-2,2,0,0.01,yes,1,1,1
6725,173,LOC102039514,95,43,6.1,1.2,1.2,0,0.02,yes,2,1,1
6739,147,LOC102039628,23,56,5.3,-1.2,1.2,0,0,yes,2,1,1
6746,136,LOC102039653,135,53,6.6,1.4,1.4,0,0.03,yes,2,1,1
6776,136,LOC102039817,5197,2413,11.9,1.1,1.1,0,0,yes,2,1,1
6860,912,LOC102040300,4,18,3.5,-2.2,2.2,0,0.01,yes,1,1,1
6872,133,LOC102040355,19,8,3.8,1.3,1.3,0,0.01,yes,1,1,1
6883,483,LOC102040415,0,10,2.3,-4.8,4.8,0,0,yes,1,1,1
6895,161,LOC102040516,14,35,4.6,-1.3,1.3,0,0.01,yes,2,1,1
6923,302,LOC102040639,108,531,8.3,-2.3,2.3,0,0.03,yes,2,1,1
6936,224,LOC102040732,21,61,5.4,-1.6,1.6,0,0,yes,2,1,1
6958,103,LOC102040852,562,1144,9.7,-1,1,0,0,yes,2,1,1
6959,112,LOC102040855,31,68,5.6,-1.1,1.1,0.01,0.04,yes,2,1,1
6969,317,LOC102040923,2,17,3.2,-2.9,2.9,0,0.01,yes,1,1,1
6971,183,LOC102040925,239,67,7.3,1.8,1.8,0,0,yes,2,1,1
7001,200,LOC102041126,48,117,6.4,-1.3,1.3,0,0.03,yes,2,1,1
7009,184,LOC102041182,12,36,4.6,-1.5,1.5,0,0.01,yes,2,1,1
7020,161,LOC102041244,61,150,6.7,-1.3,1.3,0,0.02,yes,2,1,1
7026,177,LOC102041308,3,10,2.7,-1.8,1.8,0,0.03,yes,1,1,1
7043,488,LOC102041422,10,3,2.7,1.6,1.6,0,0.01,yes,1,1,1
7075,258,LOC102041691,13,2,2.9,2.6,2.6,0,0.01,yes,1,1,1
7093,176,LOC102041862,42,112,6.3,-1.4,1.4,0,0.03,yes,2,1,1
7103,136,LOC102041902,2411,941,10.7,1.4,1.4,0,0,yes,2,1,1
7153,126,LOC102042290,49,117,6.4,-1.3,1.3,0,0,yes,2,1,1
7213,196,LOC102042760,72,281,7.5,-2,2,0,0,yes,2,1,1
7225,117,LOC102042831,33048,14734,14.5,1.2,1.2,0,0,yes,2,1,1
7246,471,LOC102042979,40,1,4.4,4.7,4.7,0,0,yes,1,1,1
7248,151,LOC102042992,29,83,5.8,-1.5,1.5,0,0.01,yes,2,1,1
7264,226,LOC102043069,3,12,2.9,-1.8,1.8,0,0.03,yes,1,1,1
7270,102,LOC102043099,236,116,7.5,1,1,0,0,yes,2,1,1
7278,162,LOC102043135,71,23,5.6,1.6,1.6,0,0,yes,2,1,1
7279,123,LOC102043150,69,145,6.7,-1.1,1.1,0,0.01,yes,2,1,1
7284,204,LOC102043159,38,16,4.8,1.2,1.2,0,0.03,yes,2,1,1
7290,117,LOC102043209,1279,2873,11,-1.2,1.2,0,0,yes,2,1,1
7297,226,LOC102043268,56,268,7.3,-2.3,2.3,0,0,yes,2,1,1
7298,217,LOC102043273,226,1019,9.3,-2.2,2.2,0,0.01,yes,2,1,1
7322,352,LOC102043424,117,35,6.2,1.7,1.7,0,0.03,yes,2,1,1
7328,263,LOC102043467,4,16,3.3,-2.1,2.1,0,0,yes,1,1,1
7365,271,LOC102043715,2220,4569,11.7,-1,1,0.01,0.04,yes,2,1,1
7385,135,LOC102043873,1900,894,10.4,1.1,1.1,0,0.03,yes,2,1,1
7422,202,LOC102044128,1816,533,10.2,1.8,1.8,0,0,yes,2,1,1
7432,127,LOC102044167,55,117,6.4,-1.1,1.1,0,0.01,yes,2,1,1
7444,130,LOC102044260,50,124,6.4,-1.3,1.3,0,0.01,yes,2,1,1
7492,256,LOC102044509,32,11,4.4,1.6,1.6,0,0,yes,2,1,1
7499,247,LOC102044558,18,47,5,-1.4,1.4,0,0.01,yes,2,1,1
7507,753,LOC102044608,12,1,2.7,3.6,3.6,0,0,yes,1,1,1
7522,122,LOC102044669,131,59,6.6,1.1,1.1,0,0,yes,2,1,1
7529,207,LOC102044709,3,13,3,-2,2,0,0.01,yes,1,1,1
7530,225,LOC102044710,24,7,4,1.7,1.7,0,0.01,yes,1,1,1
7547,226,LOC102044823,108,486,8.2,-2.2,2.2,0,0,yes,2,1,1
7590,112,LOC102045048,77,167,6.9,-1.1,1.1,0,0,yes,2,1,1
7594,175,LOC102045067,9,30,4.3,-1.8,1.8,0,0.02,yes,1,1,1
7599,143,LOC102045091,53,142,6.6,-1.4,1.4,0,0,yes,2,1,1
7614,183,LOC102045157,180,639,8.7,-1.8,1.8,0,0,yes,2,1,1
7642,203,LOC102045358,11,34,4.5,-1.7,1.7,0.01,0.04,yes,2,1,1
7661,190,LOC102045469,6,20,3.7,-1.7,1.7,0,0.02,yes,1,1,1
7684,101,LOC102045627,241,119,7.5,1,1,0,0,yes,2,1,1
7686,209,LOC102045650,6,23,3.9,-2,2,0,0,yes,1,1,1
7692,124,LOC106631790,7,17,3.6,-1.2,1.2,0.01,0.04,yes,1,1,1
7700,236,LOC106631813,5,19,3.6,-2,2,0,0,yes,1,1,1
7736,287,LOC106631910,8947,1222,12.3,2.9,2.9,0,0,yes,2,1,1
7738,290,LOC106631921,156,21,6.5,2.9,2.9,0,0,yes,2,1,1
7741,140,LOC106631926,200,75,7.1,1.4,1.4,0,0,yes,2,1,1
7754,155,LOC106631969,21,61,5.4,-1.5,1.5,0,0.01,yes,2,1,1
7763,308,LOC106631992,3,23,3.7,-3.1,3.1,0,0,yes,1,1,1
7836,270,LOC106632178,11,3,2.8,1.8,1.8,0,0.03,yes,1,1,1
7882,489,LOC106632244,10,179,6.6,-4.2,4.2,0,0,yes,2,1,1
7883,109,LOC106632250,695,1481,10.1,-1.1,1.1,0,0,yes,2,1,1
7912,157,LOC115947683,63,27,5.5,1.2,1.2,0,0,yes,2,1,1
7935,281,LOC115947707,15,3,3.2,2.3,2.3,0,0.01,yes,1,1,1
7981,189,LOC115947762,32,9,4.4,1.9,1.9,0,0,yes,1,1,1
8006,157,LOC115947793,7,21,3.8,-1.6,1.6,0,0.02,yes,1,1,1
8008,160,LOC115947797,6,18,3.6,-1.6,1.6,0,0.01,yes,1,1,1
8009,281,LOC115947799,522,74,8.2,2.8,2.8,0,0,yes,2,1,1
8077,126,LOC115947896,1091,496,9.6,1.1,1.1,0,0.02,yes,2,1,1
8100,180,LOC115947922,53,16,5.1,1.8,1.8,0.01,0.04,yes,2,1,1
8151,209,LOC115947981,27,9,4.2,1.5,1.5,0,0.01,yes,1,1,1
8163,257,LOC115947994,213,36,7,2.6,2.6,0,0,yes,2,1,1
8174,212,LOC115948008,3,12,2.9,-2.1,2.1,0.01,0.04,yes,1,1,1
8198,111,LOC115948036,87,187,7.1,-1.1,1.1,0,0,yes,2,1,1
8225,172,LOC115948081,623,210,8.7,1.6,1.6,0,0,yes,2,1,1
8247,102,LOC115948122,375,186,8.1,1,1,0,0,yes,2,1,1
8297,147,LOC115948179,4897,2146,11.8,1.2,1.2,0,0.01,yes,2,1,1
8344,173,LOC115948238,30,13,4.4,1.1,1.1,0.01,0.04,yes,2,1,1
8360,209,LOC115948266,7,29,4.2,-2.1,2.1,0,0,yes,1,1,1
8367,112,LOC115948275,1811,839,10.4,1.1,1.1,0.01,0.04,yes,2,1,1
8373,526,LOC115948281,4,21,3.6,-2.4,2.4,0.01,0.04,yes,1,1,1
8388,161,LOC115948301,25,61,5.4,-1.3,1.3,0,0.02,yes,2,1,1
8430,150,LOC115948356,3373,1315,11.2,1.4,1.4,0,0.02,yes,2,1,1
8451,175,LOC115948380,2498,880,10.7,1.5,1.5,0,0,yes,2,1,1
8485,242,LOC115948418,13,4,3.1,1.8,1.8,0,0.01,yes,1,1,1
8501,204,LOC115948440,3,13,3,-2,2,0,0.01,yes,1,1,1
8516,213,LOC115948455,55,132,6.5,-1.3,1.3,0,0,yes,2,1,1
8560,326,LOC115948513,1,11,2.6,-2.7,2.7,0,0,yes,1,1,1
8568,628,LOC115948522,774,7080,11.9,-3.2,3.2,0,0,yes,2,1,1
8596,150,LOC115948554,35,12,4.6,1.5,1.5,0,0,yes,2,1,1
8614,357,LOC115948573,20,2,3.5,3.6,3.6,0,0,yes,1,1,1
8629,229,LOC115948593,11,33,4.5,-1.5,1.5,0,0,yes,2,1,1
8634,151,LOC115948598,7,20,3.8,-1.5,1.5,0,0,yes,1,1,1
8638,113,LOC115948603,27,59,5.4,-1.1,1.1,0,0,yes,2,1,1
8640,194,LOC115948605,2673,989,10.8,1.4,1.4,0,0.01,yes,2,1,1
8641,160,LOC115948606,621,244,8.8,1.3,1.3,0,0.02,yes,2,1,1
8645,113,LOC115948612,25,11,4.2,1.1,1.1,0,0.01,yes,2,1,1
8650,142,LOC115948620,84,32,5.9,1.4,1.4,0,0,yes,2,1,1
8670,281,LOC115948645,650,93,8.5,2.8,2.8,0,0,yes,2,1,1
8672,310,LOC115948647,283,39,7.3,2.9,2.9,0,0,yes,2,1,1
8701,124,LOC115948685,36,84,5.9,-1.2,1.2,0,0,yes,2,1,1
8711,229,LOC115948698,8090,29446,14.2,-1.9,1.9,0,0,yes,2,1,1
8718,174,LOC115948706,8,28,4.2,-1.7,1.7,0,0,yes,1,1,1
8725,332,LOC115948716,22,2,3.6,3.3,3.3,0,0,yes,1,1,1
8726,305,LOC115948717,407,55,7.9,2.9,2.9,0,0,yes,2,1,1
8728,316,LOC115948719,195,73,7.1,1.4,1.4,0,0,yes,2,1,1
8882,186,LOC115948909,9,26,4.1,-1.6,1.6,0,0.03,yes,1,1,1
8888,129,LOC115948918,145,354,8,-1.3,1.3,0,0,yes,2,1,1
8942,119,LOC115949012,62,142,6.7,-1.2,1.2,0,0.01,yes,2,1,1
8946,359,LOC115949016,7,50,4.8,-2.8,2.8,0,0.01,yes,1,1,1
8961,141,LOC115949038,57,21,5.3,1.4,1.4,0,0.01,yes,2,1,1
8965,870,LOC115949042,68,0,5.1,8.3,8.3,0,0,yes,1,1,1
8977,195,LOC115949055,28,107,6.1,-2,2,0,0,yes,2,1,1
8987,189,LOC115949070,34,128,6.3,-1.9,1.9,0,0,yes,2,1,1
8988,126,LOC115949071,171,409,8.2,-1.3,1.3,0,0,yes,2,1,1
8996,337,LOC115949082,14,117,6,-3.1,3.1,0,0,yes,2,1,1
9023,106,LOC115949135,43,90,6.1,-1.1,1.1,0,0.03,yes,2,1,1
9039,238,LOC115949153,367,147,8,1.3,1.3,0,0,yes,2,1,1
9051,199,LOC115949166,52,13,5,2,2,0,0,yes,2,1,1
9053,127,LOC115949168,135,64,6.6,1.1,1.1,0,0.01,yes,2,1,1
9056,234,LOC115949171,152,44,6.6,1.8,1.8,0,0,yes,2,1,1
9075,110,LOC115949191,868,403,9.3,1.1,1.1,0,0,yes,2,1,1
9110,174,LOC115949232,16,5,3.4,1.7,1.7,0.01,0.04,yes,1,1,1
9119,419,LOC115949242,39,282,7.3,-2.8,2.8,0,0,yes,2,1,1
9138,247,LOC115949267,58,21,5.3,1.5,1.5,0,0,yes,2,1,1
9167,233,LOC115949297,7519,2176,12.2,1.8,1.8,0,0.02,yes,2,1,1
9191,154,LOC115949323,12875,5007,13.1,1.4,1.4,0,0,yes,2,1,1
9204,197,LOC115949338,123,482,8.2,-2,2,0,0.01,yes,2,1,1
9225,104,LOC115949359,31,15,4.5,1,1,0,0.02,yes,2,1,1
9274,434,LOC115949410,45,378,7.7,-3.1,3.1,0,0,yes,2,1,1
9310,779,LOC115949447,0,35,4.1,-6.6,6.6,0,0,yes,1,1,1
9312,254,LOC115949449,70,21,5.5,1.8,1.8,0,0.03,yes,2,1,1
9325,104,LOC115949463,20,10,3.9,1,1,0.01,0.04,yes,2,1,1
9336,420,LOC115949477,1,14,2.9,-4.2,4.2,0,0,yes,1,1,1
9364,118,LOC115949507,36,16,4.7,1.2,1.2,0.01,0.04,yes,2,1,1
9415,124,LONP1,2671,1133,10.9,1.2,1.2,0,0,yes,2,1,1
9420,202,LOX,23,6,3.9,2,2,0,0,yes,1,1,1
9432,134,LPCAT2,95,241,7.4,-1.3,1.3,0,0,yes,2,1,1
9433,106,LPCAT3,102,205,7.3,-1,1,0,0.01,yes,2,1,1
9435,300,LPIN1,5,18,3.5,-1.9,1.9,0,0.02,yes,1,1,1
9465,138,LRP4,36,94,6,-1.4,1.4,0.01,0.03,yes,2,1,1
9479,181,LRRC23,80,38,5.9,1.1,1.1,0,0.01,yes,2,1,1
9489,264,LRRC3C,877,160,9,2.5,2.5,0,0,yes,2,1,1
9490,113,LRRC40,39,86,6,-1.1,1.1,0,0,yes,2,1,1
9502,225,LRRC59,54,257,7.3,-2.3,2.3,0,0,yes,2,1,1
9533,204,LSAMP,4,16,3.3,-2,2,0,0,yes,1,1,1
9534,112,LSG1,61,126,6.5,-1,1,0,0.02,yes,2,1,1
9549,137,LSP1,319,649,8.9,-1,1,0.01,0.04,yes,2,1,1
9550,169,LSS,15,42,4.8,-1.4,1.4,0,0.02,yes,2,1,1
9564,133,LUZP1,59,136,6.6,-1.2,1.2,0,0,yes,2,1,1
9584,182,LYST,878,248,9.1,1.8,1.8,0,0,yes,2,1,1
9585,481,LYVE1,1,36,4.2,-4.8,4.8,0,0,yes,1,1,1
9587,129,LZIC,128,314,7.8,-1.3,1.3,0,0,yes,2,1,1
9590,156,LZTS2,35,12,4.6,1.6,1.6,0,0.01,yes,2,1,1
9604,175,MAD2L1,139,41,6.5,1.8,1.8,0,0,yes,2,1,1
9606,117,MAD2L2,43,97,6.1,-1.2,1.2,0,0,yes,2,1,1
9618,173,MAGI3,304,91,7.6,1.7,1.7,0,0,yes,2,1,1
9642,115,MAN2A2,926,2060,10.5,-1.2,1.2,0,0,yes,2,1,1
9666,184,MAP3K1,171,612,8.6,-1.8,1.8,0,0,yes,2,1,1
9671,112,MAP3K2,1013,466,9.5,1.1,1.1,0,0,yes,2,1,1
9683,141,MAP4K5,919,345,9.3,1.4,1.4,0,0,yes,2,1,1
9691,161,MAPK12,127,42,6.4,1.6,1.6,0,0,yes,2,1,1
9699,107,MAPK9,969,462,9.5,1.1,1.1,0,0,yes,2,1,1
9701,143,MAPKAPK2,142,381,8,-1.4,1.4,0,0,yes,2,1,1
9711,566,MARCHF3,0,11,2.5,-4.9,4.9,0,0,yes,1,1,1
9736,240,MATN3,310,111,7.7,1.5,1.5,0,0,yes,2,1,1
9765,144,MCCC2,8,22,3.9,-1.4,1.4,0,0,yes,1,1,1
9808,105,ME2,400,194,8.2,1,1,0,0,yes,2,1,1
9823,132,MED18,69,170,6.9,-1.3,1.3,0,0,yes,2,1,1
9846,123,MEGF9,62,145,6.7,-1.2,1.2,0,0,yes,2,1,1
9853,173,MEIS2,6,22,3.8,-1.7,1.7,0.01,0.05,yes,1,1,1
9885,113,METTL9,9,19,3.8,-1.1,1.1,0.01,0.04,yes,1,1,1
9912,106,MFSD4B,31,63,5.6,-1.1,1.1,0,0.02,yes,2,1,1
9924,150,MGAT5,1319,593,9.9,1.2,1.2,0,0,yes,2,1,1
9949,118,MIDN,72,35,5.7,1,1,0,0.01,yes,2,1,1
9958,113,MIIP,573,262,8.7,1.1,1.1,0,0,yes,2,1,1
9968,166,MIPEP,31,70,5.7,-1.2,1.2,0,0.02,yes,2,1,1
9971,173,MIS18BP1,462,162,8.3,1.5,1.5,0,0,yes,2,1,1
10003,211,MLXIP,26,87,5.8,-1.7,1.7,0,0,yes,2,1,1
10005,127,MLYCD,561,233,8.6,1.3,1.3,0,0,yes,2,1,1
10022,142,MMP9,795,2127,10.5,-1.4,1.4,0.01,0.04,yes,2,1,1
10042,255,MOGAT1,6,29,4.1,-2.3,2.3,0,0.01,yes,1,1,1
10051,682,MORN3,1,37,4.2,-4.8,4.8,0,0,yes,1,1,1
10071,169,MPI,13,41,4.8,-1.7,1.7,0,0,yes,2,1,1
10077,105,MPP5,163,79,6.9,1,1,0,0.01,yes,2,1,1
10080,111,MPPE1,163,75,6.9,1.1,1.1,0,0,yes,2,1,1
10092,149,MRE11,463,192,8.4,1.3,1.3,0,0,yes,2,1,1
10112,147,MRPL23,5,13,3.2,-1.4,1.4,0,0.02,yes,1,1,1
10113,338,MRPL24,14432,2211,13,2.7,2.7,0,0,yes,2,1,1
10175,121,MSH2,14,30,4.5,-1.1,1.1,0.01,0.04,yes,2,1,1
10209,135,MTERF4,11,29,4.3,-1.3,1.3,0,0,yes,2,1,1
10222,131,MTIF2,2137,1054,10.6,1,1,0,0,yes,2,1,1
10223,127,MTIF3,133,293,7.7,-1.1,1.1,0,0,yes,2,1,1
10245,115,MTRF1,143,318,7.8,-1.2,1.2,0,0,yes,2,1,1
10246,186,MTRF1L,565,235,8.6,1.3,1.3,0,0,yes,2,1,1
10250,233,MTTP,31,153,6.5,-2.3,2.3,0,0,yes,2,1,1
10256,181,MTX3,12,26,4.2,-1,1,0.01,0.04,yes,2,1,1
10306,188,MYL4,4,15,3.2,-1.9,1.9,0,0,yes,1,1,1
10311,127,MYLK3,76,32,5.8,1.3,1.3,0,0.01,yes,2,1,1
10315,390,MYO10,3,36,4.3,-3.5,3.5,0,0.01,yes,1,1,1
10326,114,MYO1F,511,1062,9.6,-1.1,1.1,0.01,0.05,yes,2,1,1
10330,123,MYO5A,37,87,6,-1.2,1.2,0.01,0.04,yes,2,1,1
10370,155,NAA35,1314,448,9.8,1.6,1.6,0,0,yes,2,1,1
10379,182,NACC2,16,50,5,-1.7,1.7,0.01,0.04,yes,2,1,1
10392,222,NANP,829,1850,10.4,-1.2,1.2,0,0,yes,2,1,1
10408,154,NAV3,13,30,4.4,-1.2,1.2,0,0.02,yes,2,1,1
10432,133,NCF2,73,185,7,-1.3,1.3,0,0,yes,2,1,1
10436,363,NCKAP5,16,2,3.2,3.2,3.2,0,0.01,yes,1,1,1
10477,180,NDUFAF1,711,204,8.8,1.8,1.8,0,0,yes,2,1,1
10492,132,NDUFS3,945,378,9.4,1.3,1.3,0,0,yes,2,1,1
10493,115,NDUFS4,446,220,8.4,1,1,0,0,yes,2,1,1
10499,195,NEB,52,14,5,1.9,1.9,0,0,yes,2,1,1
10512,135,NEDD9,58,122,6.5,-1.1,1.1,0,0.03,yes,2,1,1
10522,215,NEK2,72,187,7,-1.4,1.4,0,0.02,yes,2,1,1
10548,171,NEURL1,16,52,5.1,-1.7,1.7,0,0.02,yes,2,1,1
10554,128,NEXN,21,9,3.9,1.2,1.2,0,0.03,yes,1,1,1
10557,129,NFAM1,89,205,7.2,-1.2,1.2,0,0.03,yes,2,1,1
10573,137,NFKBIE,1181,3050,11,-1.4,1.4,0,0,yes,2,1,1
10597,194,NIBAN2,89,339,7.7,-1.9,1.9,0,0,yes,2,1,1
10620,352,NKAIN1,289,25,7.3,3.5,3.5,0,0,yes,2,1,1
10647,157,NME5,298,888,9.2,-1.6,1.6,0,0,yes,2,1,1
10651,228,NMNAT1,19,96,5.8,-2.3,2.3,0,0,yes,2,1,1
10663,128,NNT,287,118,7.7,1.3,1.3,0,0,yes,2,1,1
10673,100,NOL10,476,237,8.5,1,1,0,0,yes,2,1,1
10695,149,NOTUM,10,28,4.2,-1.5,1.5,0,0.02,yes,2,1,1
10710,172,NPDC1,11,37,4.6,-1.7,1.7,0,0,yes,2,1,1
10753,185,NR4A2,520,203,8.5,1.4,1.4,0,0,yes,2,1,1
10754,428,NR4A3,2229,115,10.2,4.3,4.3,0,0,yes,2,1,1
10768,107,NRGN,101,212,7.3,-1.1,1.1,0,0,yes,2,1,1
10776,136,NRROS,45,115,6.3,-1.4,1.4,0.01,0.05,yes,2,1,1
10781,127,NSD2,148,61,6.7,1.3,1.3,0,0,yes,2,1,1
10805,142,NT5C3B,1288,3436,11.2,-1.4,1.4,0,0,yes,2,1,1
10830,107,NUBP2,959,1929,10.5,-1,1,0,0,yes,2,1,1
10832,115,NUCB2,1026,493,9.6,1.1,1.1,0,0,yes,2,1,1
10844,200,NUDT19,15,4,3.2,2,2,0,0,yes,1,1,1
10884,130,NXPE3,317,640,8.9,-1,1,0,0,yes,2,1,1
10920,138,OGFRL1,24,60,5.4,-1.3,1.3,0.01,0.04,yes,2,1,1
10936,163,OMA1,44,88,6,-1,1,0,0.03,yes,2,1,1
10953,101,ORAI1,352,710,9.1,-1,1,0,0,yes,2,1,1
10997,220,OTUD3,4266,1473,11.5,1.5,1.5,0,0,yes,2,1,1
11018,129,P2RX5,35,85,5.9,-1.3,1.3,0,0,yes,2,1,1
11024,108,P2RY2,432,914,9.4,-1.1,1.1,0,0.01,yes,2,1,1
11032,237,P4HA1,1003,204,9.2,2.3,2.3,0,0,yes,2,1,1
11053,127,PAG1,40,97,6.1,-1.3,1.3,0.01,0.03,yes,2,1,1
11066,176,PALM,4,16,3.3,-1.8,1.8,0,0.02,yes,1,1,1
11068,139,PAM,102,268,7.5,-1.4,1.4,0,0,yes,2,1,1
11075,111,PANX1,24,51,5.2,-1.1,1.1,0,0,yes,2,1,1
11083,118,PAPSS1,282,582,8.8,-1,1,0,0.01,yes,2,1,1
11107,126,PARS2,70,29,5.6,1.3,1.3,0,0,yes,2,1,1
11169,261,PCNX4,325,53,7.6,2.6,2.6,0,0,yes,2,1,1
11172,299,PCSK1,14,3,3.1,2.5,2.5,0,0,yes,1,1,1
11190,110,PDCD2,29,63,5.5,-1.1,1.1,0,0.01,yes,2,1,1
11203,326,PDE1A,4,14,3.2,-1.7,1.7,0,0.02,yes,1,1,1
11227,160,PDHX,113,344,7.8,-1.6,1.6,0,0,yes,2,1,1
11230,144,PDIA4,105,283,7.6,-1.4,1.4,0,0,yes,2,1,1
11262,586,PDZD7,1401,50,9.5,4.8,4.8,0,0,yes,2,1,1
11271,287,PEBP1,531,3871,11.1,-2.9,2.9,0,0,yes,2,1,1
11297,100,PEX5,81,162,6.9,-1,1,0,0,yes,2,1,1
11308,113,PFKP,176,385,8.1,-1.1,1.1,0,0,yes,2,1,1
11310,231,PGA3,8,39,4.6,-2.3,2.3,0,0,yes,1,1,1
11372,122,PHOSPHO2,157,67,6.8,1.2,1.2,0,0,yes,2,1,1
11407,144,PIGK,23,63,5.4,-1.4,1.4,0,0,yes,2,1,1
11461,256,PITRM1,469,2572,10.6,-2.5,2.5,0,0,yes,2,1,1
11472,227,PKD2L1,20,64,5.4,-1.7,1.7,0,0.02,yes,2,1,1
11477,257,PKIB,10,2,2.6,2.6,2.6,0,0.02,yes,1,1,1
11491,338,PLA2G15,425,41,7.9,3.4,3.4,0,0,yes,2,1,1
11502,131,PLAGL1,8,20,3.8,-1.3,1.3,0,0.01,yes,1,1,1
11509,156,PLCB1,29,86,5.8,-1.6,1.6,0,0,yes,2,1,1
11527,166,PLD4,149,372,8,-1.3,1.3,0,0.01,yes,2,1,1
11580,328,PLPPR3,169,34,6.7,2.3,2.3,0,0,yes,2,1,1
11598,123,PM20D2,6156,2628,12.1,1.2,1.2,0,0,yes,2,1,1
11600,135,PMEPA1,7,19,3.7,-1.4,1.4,0,0.01,yes,1,1,1
11602,194,PMM1,782,204,8.9,1.9,1.9,0,0,yes,2,1,1
11657,265,POLQ,15,75,5.5,-2.3,2.3,0,0.01,yes,2,1,1
11709,173,PPCDC,263,79,7.4,1.7,1.7,0,0,yes,2,1,1
11717,354,PPFIA4,9,32,4.4,-1.7,1.7,0,0.01,yes,1,1,1
11723,144,PPIC,72,148,6.8,-1,1,0,0,yes,2,1,1
11726,151,PPIF,44,98,6.1,-1.2,1.2,0,0,yes,2,1,1
11733,107,PPIP5K1,65,130,6.6,-1,1,0,0.01,yes,2,1,1
11744,247,PPM1K,8,45,4.7,-2.5,2.5,0,0,yes,1,1,1
11747,107,PPME1,1040,493,9.6,1.1,1.1,0,0,yes,2,1,1
11766,135,PPP1R3D,17,42,4.9,-1.4,1.4,0,0,yes,2,1,1
11778,248,PPP2R3A,42,7,4.6,2.5,2.5,0,0,yes,1,1,1
11787,243,PPP3CC,67,365,7.8,-2.4,2.4,0,0,yes,2,1,1
11807,168,PRDM1,154,494,8.3,-1.7,1.7,0,0.03,yes,2,1,1
11837,195,PRIMPOL,17,40,4.8,-1.3,1.3,0,0.03,yes,2,1,1
11850,140,PRKCA,8,21,3.9,-1.4,1.4,0,0.03,yes,1,1,1
11852,105,PRKCD,57,118,6.5,-1.1,1.1,0.01,0.04,yes,2,1,1
11865,157,PRKX,18,46,5,-1.4,1.4,0,0.02,yes,2,1,1
11879,119,PROS1,67,153,6.8,-1.2,1.2,0,0,yes,2,1,1
11922,199,PRUNE2,177,44,6.8,2,2,0,0,yes,2,1,1
11924,156,PRXL2C,350,118,7.9,1.6,1.6,0,0,yes,2,1,1
11977,162,PSTPIP1,57,153,6.7,-1.4,1.4,0,0.01,yes,2,1,1
11983,162,PTBP3,365,127,7.9,1.5,1.5,0,0,yes,2,1,1
12027,243,PTPN22,25,102,6,-2,2,0,0,yes,2,1,1
12032,119,PTPN6,518,1178,9.7,-1.2,1.2,0,0.02,yes,2,1,1
12070,148,PUS7L,16,46,5,-1.5,1.5,0.01,0.04,yes,2,1,1
12072,618,PVALB,16,0,3,6.2,6.2,0,0,yes,1,1,1
12104,147,R3HCC1L,299,108,7.7,1.5,1.5,0,0,yes,2,1,1
12151,107,RAB40C,1674,3511,11.3,-1.1,1.1,0,0,yes,2,1,1
12181,152,RAD21L1,48,17,5,1.5,1.5,0,0,yes,2,1,1
12183,120,RAD50,79,182,7,-1.2,1.2,0,0.02,yes,2,1,1
12208,113,RALGAPA1,201,92,7.2,1.1,1.1,0,0,yes,2,1,1
12217,102,RAMP2,63,128,6.6,-1,1,0,0.01,yes,2,1,1
12240,187,RAPH1,12,33,4.5,-1.4,1.4,0,0.02,yes,2,1,1
12263,190,RASL11B,41,13,4.8,1.7,1.7,0,0.01,yes,2,1,1
12268,118,RASSF5,101,229,7.4,-1.2,1.2,0,0.02,yes,2,1,1
12282,161,RBFA,403,132,8.1,1.6,1.6,0,0,yes,2,1,1
12324,177,RBP7,3,10,2.7,-1.8,1.8,0,0.02,yes,1,1,1
12337,254,RCC1,42124,12366,14.7,1.8,1.8,0,0,yes,2,1,1
12338,224,RCC1L,1876,398,10.2,2.2,2.2,0,0,yes,2,1,1
12349,158,RDH10,170,57,6.8,1.6,1.6,0,0,yes,2,1,1
12360,216,REEP4,94,37,6,1.3,1.3,0,0,yes,2,1,1
12366,141,RELL1,140,333,7.9,-1.3,1.3,0,0,yes,2,1,1
12396,112,RFC5,15,32,4.6,-1.1,1.1,0,0.03,yes,2,1,1
12434,225,RGS3,19,84,5.7,-2.1,2.1,0,0,yes,2,1,1
12445,119,RHBDD1,1356,3094,11.1,-1.2,1.2,0,0,yes,2,1,1
12463,145,RHOG,56,152,6.7,-1.4,1.4,0,0.02,yes,2,1,1
12471,222,RHPN2,3,11,2.8,-2.2,2.2,0,0.01,yes,1,1,1
12482,259,RIMBP2,2,11,2.7,-2.6,2.6,0,0.01,yes,1,1,1
12491,116,RIOK1,304,136,7.8,1.2,1.2,0,0,yes,2,1,1
12497,146,RIPK2,43,88,6,-1,1,0,0.02,yes,2,1,1
12520,188,RND3,40,13,4.7,1.6,1.6,0,0.01,yes,2,1,1
12529,142,RNF128,4,11,2.9,-1.4,1.4,0.01,0.05,yes,1,1,1
12544,167,RNF157,34,14,4.6,1.3,1.3,0.01,0.04,yes,2,1,1
12573,118,RNF41,2858,6471,12.2,-1.2,1.2,0,0,yes,2,1,1
12579,159,RNFT2,49,17,5,1.5,1.5,0,0,yes,2,1,1
12581,104,RNH1,107,220,7.4,-1,1,0,0,yes,2,1,1
12587,162,RNPS1,9408,3052,12.6,1.6,1.6,0,0,yes,2,1,1
12670,167,RPP30,6,16,3.5,-1.4,1.4,0.01,0.04,yes,1,1,1
12703,109,RPS6KA1,288,611,8.8,-1.1,1.1,0.01,0.04,yes,2,1,1
12727,150,RRM2,14,40,4.8,-1.5,1.5,0,0.02,yes,2,1,1
12759,193,RTCA,7,15,3.5,-1.2,1.2,0.01,0.04,yes,1,1,1
12773,163,RUBCNL,18,55,5.2,-1.6,1.6,0,0,yes,2,1,1
12776,116,RUFY3,46,102,6.2,-1.2,1.2,0,0,yes,2,1,1
12785,487,RUSC2,33,2,4.1,3.9,3.9,0,0,yes,1,1,1
12803,106,S100A10,511,1064,9.6,-1.1,1.1,0,0,yes,2,1,1
12804,785,S100B,0,42,4.4,-7.8,7.8,0,0,yes,1,1,1
12810,148,S1PR4,77,214,7.2,-1.5,1.5,0,0.02,yes,2,1,1
12821,169,SAMD12,10,23,4,-1.3,1.3,0,0.03,yes,2,1,1
12846,106,SASH3,148,305,7.8,-1,1,0,0.02,yes,2,1,1
12861,103,SC5D,158,322,7.9,-1,1,0,0.01,yes,2,1,1
12881,190,SCFD2,17,41,4.9,-1.3,1.3,0,0.03,yes,2,1,1
12940,154,SEC11C,110,38,6.2,1.5,1.5,0,0,yes,2,1,1
12970,325,SELENBP1,42,8,4.6,2.4,2.4,0,0,yes,1,1,1
12972,108,SELENOI,90,43,6.1,1.1,1.1,0,0.01,yes,2,1,1
12976,196,SELENOP,15680,4042,13.3,2,2,0,0,yes,2,1,1
12986,118,SEMA4A,93,195,7.2,-1.1,1.1,0.01,0.05,yes,2,1,1
12988,112,SEMA4C,39,85,6,-1.1,1.1,0,0,yes,2,1,1
12989,191,SEMA4D,14,52,5,-1.9,1.9,0,0,yes,2,1,1
12990,250,SEMA4G,17,3,3.3,2.5,2.5,0,0.02,yes,1,1,1
13042,105,SESN3,51,24,5.2,1,1,0,0.03,yes,2,1,1
13052,145,SETD7,691,254,8.9,1.4,1.4,0,0,yes,2,1,1
13055,127,SETX,129,258,7.6,-1,1,0,0.02,yes,2,1,1
13066,182,SFMBT1,9,25,4.1,-1.5,1.5,0,0.01,yes,1,1,1
13081,289,SFXN3,1647,222,9.9,2.9,2.9,0,0,yes,2,1,1
13084,224,SGCB,284,809,9.1,-1.5,1.5,0,0,yes,2,1,1
13109,126,SH2D3C,88,211,7.2,-1.3,1.3,0,0,yes,2,1,1
13110,269,SH2D4A,42,6,4.6,2.7,2.7,0,0,yes,1,1,1
13129,105,SH3RF1,277,571,8.7,-1,1,0,0,yes,2,1,1
13171,168,SIAH2,49,137,6.5,-1.5,1.5,0,0.01,yes,2,1,1
13178,147,SIGMAR1,178,494,8.4,-1.5,1.5,0,0,yes,2,1,1
13203,158,SKAP1,86,191,7.1,-1.1,1.1,0,0.03,yes,2,1,1
13211,113,SKP2,1143,522,9.7,1.1,1.1,0,0,yes,2,1,1
13226,113,SLC12A9,120,241,7.5,-1,1,0.01,0.04,yes,2,1,1
13237,138,SLC16A10,12,26,4.2,-1.1,1.1,0.01,0.05,yes,2,1,1
13242,501,SLC16A4,1,11,2.6,-3.2,3.2,0.01,0.04,yes,1,1,1
13266,307,SLC22A18,105,12,5.9,3.1,3.1,0,0,yes,2,1,1
13298,236,SLC25A29,20,54,5.2,-1.4,1.4,0,0.01,yes,2,1,1
13323,195,SLC26A5,67,169,6.9,-1.3,1.3,0,0,yes,2,1,1
13341,143,SLC2A6,82,179,7,-1.1,1.1,0.01,0.04,yes,2,1,1
13346,163,SLC30A4,297,101,7.6,1.6,1.6,0,0,yes,2,1,1
13369,169,SLC35D2,26,8,4.1,1.7,1.7,0,0,yes,1,1,1
13380,169,SLC35G1,41,13,4.8,1.7,1.7,0,0.02,yes,2,1,1
13449,128,SLC66A1,325,135,7.8,1.3,1.3,0,0,yes,2,1,1
13515,135,SLX4IP,253,511,8.6,-1,1,0,0,yes,2,1,1
13521,120,SMAD6,328,143,7.9,1.2,1.2,0,0,yes,2,1,1
13544,103,SMC6,508,252,8.6,1,1,0,0.03,yes,2,1,1
13556,167,SMIM13,84,227,7.3,-1.4,1.4,0,0,yes,2,1,1
13585,266,SMTNL2,5,25,3.9,-2.3,2.3,0,0,yes,1,1,1
13592,110,SMYD4,864,402,9.3,1.1,1.1,0,0,yes,2,1,1
13610,134,SNED1,19,48,5.1,-1.3,1.3,0,0.01,yes,2,1,1
13611,131,SNN,980,463,9.5,1.1,1.1,0.01,0.05,yes,2,1,1
13618,274,SNRNP40,5740,859,11.7,2.7,2.7,0,0,yes,2,1,1
13629,423,SNTA1,48,3,4.7,4.2,4.2,0,0,yes,1,1,1
13631,121,SNTB2,19,45,5,-1.2,1.2,0.01,0.04,yes,2,1,1
13651,111,SNX24,81,37,5.9,1.1,1.1,0,0,yes,2,1,1
13665,119,SOAT1,38,83,5.9,-1.1,1.1,0,0.02,yes,2,1,1
13674,321,SOD1,9741,2162,12.5,2.2,2.2,0,0,yes,2,1,1
13677,102,SOGA1,56,112,6.4,-1,1,0,0.02,yes,2,1,1
13692,128,SOWAHD,51,121,6.4,-1.2,1.2,0.01,0.04,yes,2,1,1
13702,233,SOX5,19,52,5.1,-1.5,1.5,0,0.03,yes,2,1,1
13732,275,SPATA5,13,67,5.3,-2.4,2.4,0,0,yes,2,1,1
13762,106,SPINT1,24,51,5.2,-1.1,1.1,0,0.02,yes,2,1,1
13778,267,SPR,12,56,5.1,-2.3,2.3,0,0,yes,2,1,1
13780,104,SPRED2,40,20,4.9,1,1,0,0.01,yes,2,1,1
13791,146,SPTBN1,218,551,8.6,-1.3,1.3,0,0.02,yes,2,1,1
13800,137,SQLE,122,60,6.5,1,1,0,0,yes,2,1,1
13804,152,SRBD1,55,19,5.2,1.5,1.5,0,0,yes,2,1,1
13838,158,SRRM3,84,36,5.9,1.2,1.2,0,0.01,yes,2,1,1
13862,201,SST,5,17,3.5,-1.8,1.8,0,0.03,yes,1,1,1
13868,409,SSX2IP,121,7,6,4.1,4.1,0,0,yes,1,1,1
13877,191,ST3GAL6,38,106,6.2,-1.5,1.5,0,0,yes,2,1,1
13881,190,ST6GALNAC2,11,40,4.7,-1.9,1.9,0,0.03,yes,2,1,1
13883,122,ST6GALNAC4,84,196,7.1,-1.2,1.2,0,0,yes,2,1,1
13903,265,STAMBPL1,12,42,4.8,-1.8,1.8,0,0.01,yes,2,1,1
13905,110,STARD10,46,93,6.1,-1,1,0,0,yes,2,1,1
13958,154,STOM,96,200,7.2,-1.1,1.1,0.01,0.04,yes,2,1,1
13984,140,STX18,99,37,6.1,1.4,1.4,0,0,yes,2,1,1
13999,185,STYXL1,73,29,5.7,1.3,1.3,0.01,0.04,yes,2,1,1
14011,108,SUGT1,1262,598,9.9,1.1,1.1,0,0,yes,2,1,1
14021,123,SUN2,142,332,7.9,-1.2,1.2,0,0.02,yes,2,1,1
14040,368,SV2A,37,10,4.6,1.8,1.8,0,0,yes,2,1,1
14066,409,SYNDIG1L,313,18,7.4,4.1,4.1,0,0,yes,2,1,1
14108,118,TAB2,3352,1479,11.2,1.2,1.2,0,0,yes,2,1,1
14118,140,TADA2A,100,262,7.5,-1.4,1.4,0,0,yes,2,1,1
14128,128,TAF1D,119,49,6.4,1.3,1.3,0,0,yes,2,1,1
14164,473,TASOR,172,4536,11.2,-4.7,4.7,0,0,yes,2,1,1
14184,110,TBC1D24,21,45,5,-1.1,1.1,0,0.02,yes,2,1,1
14236,963,TCF21,5,133,6.1,-4.8,4.8,0,0,yes,1,1,1
14237,203,TCF24,99,24,5.9,2,2,0,0,yes,2,1,1
14249,166,TCP1,4131,1308,11.4,1.7,1.7,0,0,yes,2,1,1
14258,190,TCTN3,834,328,9.2,1.3,1.3,0,0,yes,2,1,1
14260,251,TDO2,40,7,4.6,2.5,2.5,0,0,yes,1,1,1
14290,168,TELO2,3052,954,11,1.7,1.7,0,0,yes,2,1,1
14297,145,TENT4A,108,39,6.2,1.4,1.4,0,0,yes,2,1,1
14314,199,TET2,90,209,7.2,-1.2,1.2,0,0,yes,2,1,1
14315,238,TET3,143,46,6.6,1.6,1.6,0,0,yes,2,1,1
14318,284,TEX12,27,5,4,2.4,2.4,0,0,yes,1,1,1
14335,131,TFB2M,223,91,7.3,1.3,1.3,0,0,yes,2,1,1
14339,155,TFEB,48,111,6.3,-1.2,1.2,0,0.02,yes,2,1,1
14353,136,TGFBR2,47,104,6.2,-1.1,1.1,0,0.03,yes,2,1,1
14394,130,TIA1,87,216,7.2,-1.3,1.3,0,0,yes,2,1,1
14396,191,TIAM1,51,178,6.8,-1.8,1.8,0,0.01,yes,2,1,1
14404,112,TIGD5,10,23,4,-1.1,1.1,0.01,0.04,yes,2,1,1
14418,138,TINAGL1,329,860,9.2,-1.4,1.4,0,0,yes,2,1,1
14445,190,TLR4,19,63,5.4,-1.7,1.7,0,0.01,yes,2,1,1
14472,264,TMCC3,15,54,5.1,-1.8,1.8,0,0.01,yes,2,1,1
14476,215,TMCO6,16,71,5.4,-2.1,2.1,0,0,yes,2,1,1
14499,565,TMEM120B,8,367,7.6,-5.6,5.6,0,0,yes,1,1,1
14501,114,TMEM123,106,235,7.4,-1.1,1.1,0,0.01,yes,2,1,1
14512,295,TMEM132D,24,3,3.8,2.9,2.9,0,0,yes,1,1,1
14520,274,TMEM14A,6,21,3.8,-1.8,1.8,0,0.01,yes,1,1,1
14536,260,TMEM170B,5,15,3.3,-1.5,1.5,0,0.02,yes,1,1,1
14551,101,TMEM19,325,161,7.9,1,1,0,0,yes,2,1,1
14558,124,TMEM201,135,57,6.6,1.2,1.2,0,0,yes,2,1,1
14594,103,TMEM267,122,60,6.5,1,1,0,0,yes,2,1,1
14595,172,TMEM268,354,1169,9.6,-1.7,1.7,0,0,yes,2,1,1
14612,169,TMEM43,1054,473,9.6,1.2,1.2,0,0,yes,2,1,1
14641,118,TMEM86A,10,22,4,-1.1,1.1,0.01,0.04,yes,2,1,1
14644,122,TMEM9,159,370,8,-1.2,1.2,0,0.02,yes,2,1,1
14667,255,TMTC2,5,23,3.8,-2.1,2.1,0,0.02,yes,1,1,1
14688,171,TNFRSF1A,14,34,4.6,-1.3,1.3,0.01,0.04,yes,2,1,1
14689,120,TNFRSF21,486,1008,9.5,-1.1,1.1,0.01,0.04,yes,2,1,1
14696,163,TNFSF13B,21,47,5.1,-1.2,1.2,0,0,yes,2,1,1
14708,177,TNNC2,72,31,5.7,1.2,1.2,0,0,yes,2,1,1
14710,129,TNNI2,13,32,4.5,-1.3,1.3,0,0,yes,2,1,1
14744,123,TOR3A,10,23,4,-1.2,1.2,0,0.01,yes,2,1,1
14746,173,TOX,14,45,4.9,-1.7,1.7,0,0.02,yes,2,1,1
14752,189,TP53I3,25,7,4,1.9,1.9,0,0,yes,1,1,1
14754,150,TP53RK,5,14,3.2,-1.5,1.5,0,0.02,yes,1,1,1
14755,138,TP73,11,28,4.3,-1.4,1.4,0,0.02,yes,2,1,1
14756,172,TPBG,107,38,6.2,1.5,1.5,0,0.01,yes,2,1,1
14790,621,TRABD2A,37,1,4.2,6.2,6.2,0,0,yes,1,1,1
14800,149,TRAF5,132,269,7.6,-1,1,0,0.01,yes,2,1,1
14838,112,TRIM24,5455,2505,12,1.1,1.1,0,0,yes,2,1,1
14908,183,TRNAC-GCA-8,71,20,5.5,1.8,1.8,0,0,yes,2,1,1
14909,134,TRNAC-GCA-9,52,25,5.3,1.1,1.1,0,0.02,yes,2,1,1
14953,178,TRNAI-AAU-3,5,13,3.2,-1.4,1.4,0.01,0.04,yes,1,1,1
14984,281,TRNAM-CAU,6,20,3.7,-1.8,1.8,0,0,yes,1,1,1
15115,124,TSPEAR,57,134,6.6,-1.2,1.2,0,0,yes,2,1,1
15117,151,TSPOAP1,46,131,6.5,-1.5,1.5,0,0,yes,2,1,1
15122,213,TSTA3,11,48,4.9,-2.1,2.1,0,0,yes,2,1,1
15124,231,TSTD3,40,164,6.7,-2,2,0,0,yes,2,1,1
15147,150,TTC39A,11,30,4.4,-1.5,1.5,0,0.02,yes,2,1,1
15177,101,TUBB6,738,1487,10.1,-1,1,0,0,yes,2,1,1
15183,117,TUBGCP5,87,196,7.1,-1.2,1.2,0,0,yes,2,1,1
15192,183,TUT7,3325,935,11.1,1.8,1.8,0,0,yes,2,1,1
15211,125,TXNDC5,30,72,5.7,-1.3,1.3,0,0.03,yes,2,1,1
15230,189,UAP1,8444,2599,12.4,1.7,1.7,0,0,yes,2,1,1
15254,197,UBE2E3,850,217,9.1,2,2,0,0,yes,2,1,1
15260,142,UBE2J1,680,1807,10.3,-1.4,1.4,0,0,yes,2,1,1
15299,250,UBXN10,15,5,3.3,1.7,1.7,0,0.03,yes,1,1,1
15307,110,UCHL3,35,16,4.7,1.1,1.1,0,0.01,yes,2,1,1
15310,134,UCK2,14,31,4.5,-1.1,1.1,0.01,0.04,yes,2,1,1
15311,122,UCKL1,60,140,6.6,-1.2,1.2,0,0,yes,2,1,1
15313,192,UCP3,87,23,5.8,1.9,1.9,0,0,yes,2,1,1
15322,149,UGGT2,5,14,3.2,-1.5,1.5,0,0.02,yes,1,1,1
15328,143,UHRF1BP1L,23,62,5.4,-1.4,1.4,0,0,yes,2,1,1
15357,142,UPB1,29,76,5.7,-1.4,1.4,0,0,yes,2,1,1
15372,199,UROS,1180,4019,11.3,-1.8,1.8,0,0,yes,2,1,1
15406,113,USP4,8107,3717,12.5,1.1,1.1,0,0,yes,2,1,1
15418,116,USP53,31,14,4.5,1.1,1.1,0.01,0.04,yes,2,1,1
15430,128,UTP20,72,176,7,-1.3,1.3,0,0,yes,2,1,1
15467,158,VEGFA,59,20,5.3,1.6,1.6,0,0,yes,2,1,1
15468,122,VEGFC,115,268,7.6,-1.2,1.2,0,0,yes,2,1,1
15472,131,VEZT,566,228,8.6,1.3,1.3,0,0,yes,2,1,1
15495,387,VPS13C,240,1626,9.9,-2.8,2.8,0,0,yes,2,1,1
15527,186,VRK3,56,179,6.9,-1.7,1.7,0,0,yes,2,1,1
15550,154,VWA8,25,74,5.6,-1.5,1.5,0,0,yes,2,1,1
15579,223,WDFY4,150,464,8.3,-1.6,1.6,0.01,0.04,yes,2,1,1
15580,110,WDHD1,235,500,8.5,-1.1,1.1,0,0,yes,2,1,1
15587,135,WDR19,14,5,3.2,1.3,1.3,0.01,0.04,yes,1,1,1
15644,140,WIPF1,7,19,3.7,-1.4,1.4,0.01,0.04,yes,1,1,1
15660,347,WNT4,15,3,3.2,2.5,2.5,0,0,yes,1,1,1
15670,161,WRAP53,191,66,7,1.6,1.6,0,0.01,yes,2,1,1
15681,127,WWC1,25,58,5.4,-1.2,1.2,0,0,yes,2,1,1
15693,688,XIRP1,0,11,2.5,-5.9,5.9,0,0,yes,1,1,1
15731,212,YDJC,10,30,4.3,-1.5,1.5,0,0.01,yes,2,1,1
15758,103,YWHAH,162,330,7.9,-1,1,0,0.01,yes,2,1,1
15775,209,ZBTB20,75,30,5.7,1.3,1.3,0,0,yes,2,1,1
15790,262,ZBTB46,430,70,8,2.6,2.6,0,0,yes,2,1,1
15819,162,ZCCHC17,550,274,8.7,1,1,0,0.01,yes,2,1,1
15825,125,ZCCHC9,256,524,8.6,-1,1,0,0,yes,2,1,1
15828,128,ZDHHC1,17,37,4.8,-1.1,1.1,0,0.02,yes,2,1,1
15829,145,ZDHHC12,580,264,8.7,1.1,1.1,0,0,yes,2,1,1
15851,175,ZFAND1,222,86,7.3,1.4,1.4,0,0,yes,2,1,1
15879,277,ZHX1,23,156,6.5,-2.8,2.8,0,0,yes,2,1,1
15911,143,ZNF292,1110,412,9.6,1.4,1.4,0,0,yes,2,1,1
15933,223,ZNF462,7,32,4.3,-2.2,2.2,0,0,yes,1,1,1
15948,144,ZNF593,215,432,8.3,-1,1,0,0,yes,2,1,1
15961,267,ZNF704,402,63,7.9,2.7,2.7,0,0,yes,2,1,1
15974,104,ZNF830,1217,594,9.8,1,1,0,0,yes,2,1,1
15977,218,ZNFX1,3392,8544,12.5,-1.3,1.3,0,0.01,yes,2,1,1
15985,386,ZPLD1,2,12,2.8,-2.5,2.5,0,0,yes,1,1,1